Product,Category,Cost,Price,Quantity,Region,Month
Laptop,Electronics,520.38,877.94,25,North,2024-01
Laptop,Electronics,539.91,808.61,18,South,2024-01
Laptop,Electronics,538.13,836.82,20,East,2024-01
Laptop,Electronics,512.67,844.23,26,West,2024-01
Laptop,Electronics,527.39,883.42,24,Central,2024-01
Laptop,Electronics,536.91,898.01,18,Northeast,2024-01
Phone,Electronics,253.0,478.08,23,North,2024-01
Phone,Electronics,269.81,494.1,29,South,2024-01
Phone,Electronics,255.65,478.25,20,East,2024-01
Phone,Electronics,264.39,464.27,37,West,2024-01
Phone,Electronics,257.89,491.54,28,Central,2024-01
Phone,Electronics,254.74,490.51,17,Northeast,2024-01
Tablet,Electronics,182.98,331.02,25,North,2024-01
Tablet,Electronics,181.77,318.42,20,South,2024-01
Tablet,Electronics,180.54,326.47,21,East,2024-01
Tablet,Electronics,181.58,325.17,29,West,2024-01
Tablet,Electronics,180.1,301.98,21,Central,2024-01
Tablet,Electronics,177.55,333.57,8,Northeast,2024-01
Headphones,Accessories,35.57,73.14,39,North,2024-01
Headphones,Accessories,34.95,76.48,47,South,2024-01
Headphones,Accessories,34.17,70.7,39,East,2024-01
Headphones,Accessories,35.18,71.95,40,West,2024-01
Headphones,Accessories,34.88,74.52,35,Central,2024-01
Headphones,Accessories,34.16,73.76,36,Northeast,2024-01
Monitor,Electronics,145.3,252.7,24,North,2024-01
Monitor,Electronics,138.47,258.42,22,South,2024-01
Monitor,Electronics,141.48,253.95,21,East,2024-01
Monitor,Electronics,141.95,257.88,25,West,2024-01
Monitor,Electronics,139.87,247.03,19,Central,2024-01
Monitor,Electronics,141.56,247.63,16,Northeast,2024-01
Keyboard,Accessories,24.29,55.6,45,North,2024-01
Keyboard,Accessories,24.39,56.87,34,South,2024-01
Keyboard,Accessories,25.25,57.89,26,East,2024-01
Keyboard,Accessories,25.16,53.89,39,West,2024-01
Keyboard,Accessories,25.82,57.15,24,Central,2024-01
Keyboard,Accessories,25.43,52.42,22,Northeast,2024-01
Mouse,Accessories,12.29,30.82,32,North,2024-01
Mouse,Accessories,11.95,30.2,51,South,2024-01
Mouse,Accessories,12.44,29.34,32,East,2024-01
Mouse,Accessories,12.43,29.12,42,West,2024-01
Mouse,Accessories,12.47,29.77,50,Central,2024-01
Mouse,Accessories,12.39,31.41,27,Northeast,2024-01
Printer,Office,111.79,216.85,14,North,2024-01
Printer,Office,108.72,216.22,26,South,2024-01
Printer,Office,113.1,200.49,11,East,2024-01
Printer,Office,113.43,212.5,15,West,2024-01
Printer,Office,114.18,216.99,16,Central,2024-01
Printer,Office,108.47,197.75,8,Northeast,2024-01
Chair,Furniture,85.46,171.83,17,North,2024-01
Chair,Furniture,87.23,173.52,20,South,2024-01
Chair,Furniture,83.19,172.03,20,East,2024-01
Chair,Furniture,85.36,175.7,20,West,2024-01
Chair,Furniture,84.94,172.23,23,Central,2024-01
Chair,Furniture,87.12,179.3,8,Northeast,2024-01
Desk,Furniture,154.61,303.82,13,North,2024-01
Desk,Furniture,149.97,295.47,14,South,2024-01
Desk,Furniture,153.33,290.52,15,East,2024-01
Desk,Furniture,151.74,284.4,14,West,2024-01
Desk,Furniture,147.24,315.15,10,Central,2024-01
Desk,Furniture,145.72,286.16,6,Northeast,2024-01
Webcam,Accessories,30.94,70.04,34,North,2024-01
Webcam,Accessories,29.6,67.32,28,South,2024-01
Webcam,Accessories,29.2,69.3,23,East,2024-01
Webcam,Accessories,30.85,66.65,27,West,2024-01
Webcam,Accessories,31.16,73.38,32,Central,2024-01
Webcam,Accessories,30.74,71.2,14,Northeast,2024-01
Router,Networking,46.35,100.17,25,North,2024-01
Router,Networking,44.49,101.67,22,South,2024-01
Router,Networking,44.38,99.0,21,East,2024-01
Router,Networking,44.85,97.93,36,West,2024-01
Router,Networking,46.54,105.39,25,Central,2024-01
Router,Networking,46.32,100.43,21,Northeast,2024-01
SSD,Components,55.79,130.51,27,North,2024-01
SSD,Components,56.02,125.36,44,South,2024-01
SSD,Components,53.72,131.78,30,East,2024-01
SSD,Components,53.88,136.8,37,West,2024-01
SSD,Components,56.99,134.6,26,Central,2024-01
SSD,Components,55.72,123.68,19,Northeast,2024-01
Keyboard Pro,Accessories,55.14,121.04,21,North,2024-01
Keyboard Pro,Accessories,55.24,124.31,17,South,2024-01
Keyboard Pro,Accessories,55.88,114.06,19,East,2024-01
Keyboard Pro,Accessories,54.63,122.47,22,West,2024-01
Keyboard Pro,Accessories,53.96,117.33,22,Central,2024-01
Keyboard Pro,Accessories,55.48,123.31,23,Northeast,2024-01
Projector,Office,249.09,498.76,19,North,2024-01
Projector,Office,253.65,521.03,7,South,2024-01
Projector,Office,242.72,511.17,13,East,2024-01
Projector,Office,254.15,529.95,15,West,2024-01
Projector,Office,243.01,523.82,8,Central,2024-01
Projector,Office,245.97,516.61,3,Northeast,2024-01
Smartwatch,Electronics,91.12,208.16,29,North,2024-01
Smartwatch,Electronics,87.66,229.22,29,South,2024-01
Smartwatch,Electronics,87.55,228.92,15,East,2024-01
Smartwatch,Electronics,91.99,220.12,30,West,2024-01
Smartwatch,Electronics,91.93,210.9,20,Central,2024-01
Smartwatch,Electronics,93.48,225.54,17,Northeast,2024-01
Speaker,Accessories,43.78,111.54,35,North,2024-01
Speaker,Accessories,43.94,105.69,33,South,2024-01
Speaker,Accessories,45.45,111.8,22,East,2024-01
Speaker,Accessories,45.7,112.64,46,West,2024-01
Speaker,Accessories,44.92,110.11,29,Central,2024-01
Speaker,Accessories,44.53,105.17,20,Northeast,2024-01
Camera,Electronics,304.33,658.66,12,North,2024-01
Camera,Electronics,303.35,627.98,13,South,2024-01
Camera,Electronics,300.96,643.64,9,East,2024-01
Camera,Electronics,305.74,655.13,18,West,2024-01
Camera,Electronics,307.54,635.66,15,Central,2024-01
Camera,Electronics,298.57,659.83,12,Northeast,2024-01
Microphone,Accessories,69.27,151.47,16,North,2024-01
Microphone,Accessories,71.54,156.43,26,South,2024-01
Microphone,Accessories,70.84,153.35,11,East,2024-01
Microphone,Accessories,72.78,168.8,24,West,2024-01
Microphone,Accessories,71.36,163.6,16,Central,2024-01
Microphone,Accessories,68.92,150.61,14,Northeast,2024-01
Scanner,Office,92.57,182.38,9,North,2024-01
Scanner,Office,87.8,187.55,19,South,2024-01
Scanner,Office,88.25,189.3,4,East,2024-01
Scanner,Office,90.39,185.26,18,West,2024-01
Scanner,Office,88.84,180.52,19,Central,2024-01
Scanner,Office,91.52,193.4,13,Northeast,2024-01
Laptop,Electronics,523.74,849.88,14,North,2024-02
Laptop,Electronics,527.36,892.57,17,South,2024-02
Laptop,Electronics,505.3,818.54,28,East,2024-02
Laptop,Electronics,526.18,830.37,30,West,2024-02
Laptop,Electronics,526.98,899.14,20,Central,2024-02
Laptop,Electronics,530.63,891.14,20,Northeast,2024-02
Phone,Electronics,260.21,493.39,30,North,2024-02
Phone,Electronics,270.12,507.06,29,South,2024-02
Phone,Electronics,258.51,494.4,19,East,2024-02
Phone,Electronics,261.11,495.97,42,West,2024-02
Phone,Electronics,266.8,483.19,41,Central,2024-02
Phone,Electronics,258.98,453.33,13,Northeast,2024-02
Tablet,Electronics,183.59,326.73,27,North,2024-02
Tablet,Electronics,177.56,302.68,32,South,2024-02
Tablet,Electronics,181.08,300.97,26,East,2024-02
Tablet,Electronics,185.88,316.21,33,West,2024-02
Tablet,Electronics,178.99,333.55,30,Central,2024-02
Tablet,Electronics,179.6,323.47,15,Northeast,2024-02
Headphones,Accessories,34.16,72.19,36,North,2024-02
Headphones,Accessories,36.4,77.77,37,South,2024-02
Headphones,Accessories,35.36,71.73,37,East,2024-02
Headphones,Accessories,35.17,78.74,36,West,2024-02
Headphones,Accessories,34.44,71.1,45,Central,2024-02
Headphones,Accessories,36.3,74.28,33,Northeast,2024-02
Monitor,Electronics,144.59,253.28,17,North,2024-02
Monitor,Electronics,140.99,272.76,25,South,2024-02
Monitor,Electronics,138.73,264.79,14,East,2024-02
Monitor,Electronics,144.37,249.25,23,West,2024-02
Monitor,Electronics,143.48,269.11,19,Central,2024-02
Monitor,Electronics,142.41,275.43,17,Northeast,2024-02
Keyboard,Accessories,24.43,55.41,32,North,2024-02
Keyboard,Accessories,25.93,51.94,30,South,2024-02
Keyboard,Accessories,24.36,53.32,30,East,2024-02
Keyboard,Accessories,24.34,53.76,32,West,2024-02
Keyboard,Accessories,25.47,52.1,31,Central,2024-02
Keyboard,Accessories,24.98,54.3,31,Northeast,2024-02
Mouse,Accessories,12.05,30.03,36,North,2024-02
Mouse,Accessories,12.35,31.01,39,South,2024-02
Mouse,Accessories,12.04,29.07,40,East,2024-02
Mouse,Accessories,12.42,29.39,35,West,2024-02
Mouse,Accessories,11.77,30.76,26,Central,2024-02
Mouse,Accessories,11.65,31.51,22,Northeast,2024-02
Printer,Office,111.48,200.19,14,North,2024-02
Printer,Office,113.24,212.27,20,South,2024-02
Printer,Office,113.29,216.88,14,East,2024-02
Printer,Office,109.48,222.21,24,West,2024-02
Printer,Office,111.33,217.54,13,Central,2024-02
Printer,Office,107.3,205.4,15,Northeast,2024-02
Chair,Furniture,84.34,185.15,20,North,2024-02
Chair,Furniture,83.31,171.92,20,South,2024-02
Chair,Furniture,88.35,180.16,18,East,2024-02
Chair,Furniture,84.08,182.63,9,West,2024-02
Chair,Furniture,86.4,175.57,20,Central,2024-02
Chair,Furniture,83.83,182.07,15,Northeast,2024-02
Desk,Furniture,151.31,303.99,11,North,2024-02
Desk,Furniture,151.45,308.13,13,South,2024-02
Desk,Furniture,153.86,282.45,12,East,2024-02
Desk,Furniture,154.84,285.39,15,West,2024-02
Desk,Furniture,155.6,287.38,10,Central,2024-02
Desk,Furniture,155.08,312.92,14,Northeast,2024-02
Webcam,Accessories,30.66,67.52,27,North,2024-02
Webcam,Accessories,29.93,73.26,28,South,2024-02
Webcam,Accessories,29.96,70.68,25,East,2024-02
Webcam,Accessories,29.93,68.97,28,West,2024-02
Webcam,Accessories,29.81,71.55,41,Central,2024-02
Webcam,Accessories,30.68,66.63,29,Northeast,2024-02
Router,Networking,44.24,96.43,28,North,2024-02
Router,Networking,43.79,97.11,31,South,2024-02
Router,Networking,45.21,101.83,16,East,2024-02
Router,Networking,46.06,97.54,47,West,2024-02
Router,Networking,44.61,95.65,30,Central,2024-02
Router,Networking,45.59,104.15,19,Northeast,2024-02
SSD,Components,53.97,126.15,39,North,2024-02
SSD,Components,54.49,133.67,32,South,2024-02
SSD,Components,56.32,134.06,19,East,2024-02
SSD,Components,54.04,135.41,36,West,2024-02
SSD,Components,56.08,126.03,31,Central,2024-02
SSD,Components,54.29,126.08,31,Northeast,2024-02
Keyboard Pro,Accessories,55.24,120.25,22,North,2024-02
Keyboard Pro,Accessories,53.86,119.06,25,South,2024-02
Keyboard Pro,Accessories,55.48,115.16,16,East,2024-02
Keyboard Pro,Accessories,53.81,113.23,39,West,2024-02
Keyboard Pro,Accessories,55.14,121.56,21,Central,2024-02
Keyboard Pro,Accessories,57.16,115.5,17,Northeast,2024-02
Projector,Office,248.47,525.24,4,North,2024-02
Projector,Office,253.4,517.67,15,South,2024-02
Projector,Office,258.67,482.72,10,East,2024-02
Projector,Office,259.88,470.14,13,West,2024-02
Projector,Office,244.76,497.5,8,Central,2024-02
Projector,Office,258.63,493.58,11,Northeast,2024-02
Smartwatch,Electronics,92.92,218.67,24,North,2024-02
Smartwatch,Electronics,93.27,214.79,25,South,2024-02
Smartwatch,Electronics,90.84,217.44,24,East,2024-02
Smartwatch,Electronics,89.94,230.75,29,West,2024-02
Smartwatch,Electronics,90.07,217.58,18,Central,2024-02
Smartwatch,Electronics,91.43,224.42,19,Northeast,2024-02
Speaker,Accessories,44.27,107.71,26,North,2024-02
Speaker,Accessories,44.52,105.11,28,South,2024-02
Speaker,Accessories,46.52,112.31,21,East,2024-02
Speaker,Accessories,46.65,112.66,37,West,2024-02
Speaker,Accessories,44.66,111.66,33,Central,2024-02
Speaker,Accessories,46.41,108.68,24,Northeast,2024-02
Camera,Electronics,308.93,684.0,11,North,2024-02
Camera,Electronics,304.28,649.21,14,South,2024-02
Camera,Electronics,310.4,682.19,14,East,2024-02
Camera,Electronics,301.09,670.48,16,West,2024-02
Camera,Electronics,297.08,661.3,11,Central,2024-02
Camera,Electronics,295.6,642.98,7,Northeast,2024-02
Microphone,Accessories,71.81,156.85,23,North,2024-02
Microphone,Accessories,68.47,165.27,15,South,2024-02
Microphone,Accessories,70.94,158.52,9,East,2024-02
Microphone,Accessories,69.23,165.58,28,West,2024-02
Microphone,Accessories,71.98,152.55,15,Central,2024-02
Microphone,Accessories,70.35,161.0,15,Northeast,2024-02
Scanner,Office,93.6,201.22,13,North,2024-02
Scanner,Office,93.45,195.19,13,South,2024-02
Scanner,Office,87.62,188.28,14,East,2024-02
Scanner,Office,92.54,196.55,21,West,2024-02
Scanner,Office,92.02,185.93,18,Central,2024-02
Scanner,Office,88.21,198.96,5,Northeast,2024-02
Laptop,Electronics,520.28,799.05,28,North,2024-03
Laptop,Electronics,534.36,865.53,19,South,2024-03
Laptop,Electronics,534.36,886.8,19,East,2024-03
Laptop,Electronics,518.76,808.46,33,West,2024-03
Laptop,Electronics,522.75,875.74,26,Central,2024-03
Laptop,Electronics,512.38,836.53,13,Northeast,2024-03
Phone,Electronics,253.76,458.05,27,North,2024-03
Phone,Electronics,259.45,498.61,38,South,2024-03
Phone,Electronics,268.13,473.83,24,East,2024-03
Phone,Electronics,257.46,488.99,43,West,2024-03
Phone,Electronics,267.28,482.93,37,Central,2024-03
Phone,Electronics,263.15,454.05,25,Northeast,2024-03
Tablet,Electronics,184.15,316.88,31,North,2024-03
Tablet,Electronics,178.01,315.6,30,South,2024-03
Tablet,Electronics,183.13,322.46,13,East,2024-03
Tablet,Electronics,185.87,308.95,36,West,2024-03
Tablet,Electronics,180.52,334.99,25,Central,2024-03
Tablet,Electronics,177.31,303.08,21,Northeast,2024-03
Headphones,Accessories,34.47,76.62,29,North,2024-03
Headphones,Accessories,34.38,74.3,42,South,2024-03
Headphones,Accessories,34.83,71.0,34,East,2024-03
Headphones,Accessories,36.13,72.35,65,West,2024-03
Headphones,Accessories,34.23,71.47,46,Central,2024-03
Headphones,Accessories,35.8,78.17,34,Northeast,2024-03
Monitor,Electronics,136.23,275.5,18,North,2024-03
Monitor,Electronics,141.45,274.0,27,South,2024-03
Monitor,Electronics,140.69,274.93,16,East,2024-03
Monitor,Electronics,137.05,262.64,23,West,2024-03
Monitor,Electronics,144.29,247.62,25,Central,2024-03
Monitor,Electronics,140.03,257.15,23,Northeast,2024-03
Keyboard,Accessories,25.04,53.87,36,North,2024-03
Keyboard,Accessories,25.22,56.05,35,South,2024-03
Keyboard,Accessories,24.42,54.2,25,East,2024-03
Keyboard,Accessories,24.63,54.27,44,West,2024-03
Keyboard,Accessories,25.7,53.4,48,Central,2024-03
Keyboard,Accessories,24.34,56.12,35,Northeast,2024-03
Mouse,Accessories,12.13,31.53,43,North,2024-03
Mouse,Accessories,12.26,28.3,60,South,2024-03
Mouse,Accessories,11.64,29.88,43,East,2024-03
Mouse,Accessories,11.95,31.36,51,West,2024-03
Mouse,Accessories,12.29,28.78,46,Central,2024-03
Mouse,Accessories,12.45,31.68,36,Northeast,2024-03
Printer,Office,113.46,212.38,16,North,2024-03
Printer,Office,110.41,217.84,21,South,2024-03
Printer,Office,109.92,206.72,21,East,2024-03
Printer,Office,113.43,205.06,22,West,2024-03
Printer,Office,111.85,201.52,18,Central,2024-03
Printer,Office,110.26,198.41,14,Northeast,2024-03
Chair,Furniture,83.57,172.22,14,North,2024-03
Chair,Furniture,84.86,189.66,10,South,2024-03
Chair,Furniture,86.22,188.02,12,East,2024-03
Chair,Furniture,85.63,169.98,18,West,2024-03
Chair,Furniture,88.02,170.17,22,Central,2024-03
Chair,Furniture,87.42,170.49,8,Northeast,2024-03
Desk,Furniture,151.46,314.97,11,North,2024-03
Desk,Furniture,155.67,284.27,14,South,2024-03
Desk,Furniture,155.63,292.3,7,East,2024-03
Desk,Furniture,154.22,307.48,24,West,2024-03
Desk,Furniture,151.23,310.65,13,Central,2024-03
Desk,Furniture,149.3,295.91,9,Northeast,2024-03
Webcam,Accessories,30.74,66.45,31,North,2024-03
Webcam,Accessories,29.17,70.94,27,South,2024-03
Webcam,Accessories,29.56,74.0,25,East,2024-03
Webcam,Accessories,29.6,74.01,21,West,2024-03
Webcam,Accessories,29.51,66.33,34,Central,2024-03
Webcam,Accessories,30.41,70.31,24,Northeast,2024-03
Router,Networking,44.75,105.39,17,North,2024-03
Router,Networking,46.63,99.25,30,South,2024-03
Router,Networking,44.23,100.49,22,East,2024-03
Router,Networking,45.02,102.07,28,West,2024-03
Router,Networking,46.6,96.03,25,Central,2024-03
Router,Networking,45.29,99.97,21,Northeast,2024-03
SSD,Components,55.22,137.72,30,North,2024-03
SSD,Components,55.63,123.24,35,South,2024-03
SSD,Components,57.13,122.99,31,East,2024-03
SSD,Components,53.58,129.62,48,West,2024-03
SSD,Components,55.0,134.4,36,Central,2024-03
SSD,Components,54.69,132.04,27,Northeast,2024-03
Keyboard Pro,Accessories,54.78,126.63,20,North,2024-03
Keyboard Pro,Accessories,56.19,120.08,26,South,2024-03
Keyboard Pro,Accessories,53.85,123.53,16,East,2024-03
Keyboard Pro,Accessories,56.79,123.56,24,West,2024-03
Keyboard Pro,Accessories,53.94,126.57,18,Central,2024-03
Keyboard Pro,Accessories,56.75,120.42,21,Northeast,2024-03
Projector,Office,248.76,480.51,12,North,2024-03
Projector,Office,247.9,486.41,9,South,2024-03
Projector,Office,243.72,512.3,10,East,2024-03
Projector,Office,256.76,514.88,14,West,2024-03
Projector,Office,248.81,484.45,9,Central,2024-03
Projector,Office,246.72,493.52,7,Northeast,2024-03
Smartwatch,Electronics,93.16,226.95,23,North,2024-03
Smartwatch,Electronics,93.59,229.69,28,South,2024-03
Smartwatch,Electronics,92.29,230.79,20,East,2024-03
Smartwatch,Electronics,90.31,207.22,32,West,2024-03
Smartwatch,Electronics,90.78,221.8,31,Central,2024-03
Smartwatch,Electronics,92.3,212.74,16,Northeast,2024-03
Speaker,Accessories,45.56,106.94,43,North,2024-03
Speaker,Accessories,44.58,110.75,28,South,2024-03
Speaker,Accessories,46.64,104.16,28,East,2024-03
Speaker,Accessories,44.25,112.39,31,West,2024-03
Speaker,Accessories,46.53,106.89,26,Central,2024-03
Speaker,Accessories,44.39,114.15,19,Northeast,2024-03
Camera,Electronics,296.31,644.74,13,North,2024-03
Camera,Electronics,291.09,627.62,17,South,2024-03
Camera,Electronics,299.3,617.95,17,East,2024-03
Camera,Electronics,295.11,625.73,18,West,2024-03
Camera,Electronics,304.49,678.22,13,Central,2024-03
Camera,Electronics,296.16,683.02,12,Northeast,2024-03
Microphone,Accessories,70.19,152.28,15,North,2024-03
Microphone,Accessories,69.32,159.31,26,South,2024-03
Microphone,Accessories,69.15,155.66,16,East,2024-03
Microphone,Accessories,69.86,166.66,24,West,2024-03
Microphone,Accessories,72.4,154.45,16,Central,2024-03
Microphone,Accessories,69.4,167.05,15,Northeast,2024-03
Scanner,Office,92.22,181.53,23,North,2024-03
Scanner,Office,92.82,188.66,17,South,2024-03
Scanner,Office,92.02,197.31,10,East,2024-03
Scanner,Office,90.47,184.03,19,West,2024-03
Scanner,Office,92.26,187.61,22,Central,2024-03
Scanner,Office,91.57,195.39,11,Northeast,2024-03
Laptop,Electronics,539.37,880.11,22,North,2024-04
Laptop,Electronics,507.81,899.64,21,South,2024-04
Laptop,Electronics,533.08,827.97,26,East,2024-04
Laptop,Electronics,516.66,877.56,27,West,2024-04
Laptop,Electronics,505.29,883.62,17,Central,2024-04
Laptop,Electronics,522.44,856.48,7,Northeast,2024-04
Phone,Electronics,252.76,501.03,27,North,2024-04
Phone,Electronics,265.84,454.13,33,South,2024-04
Phone,Electronics,268.32,494.17,22,East,2024-04
Phone,Electronics,256.67,496.09,31,West,2024-04
Phone,Electronics,265.12,506.41,32,Central,2024-04
Phone,Electronics,260.87,481.82,22,Northeast,2024-04
Tablet,Electronics,185.79,308.54,31,North,2024-04
Tablet,Electronics,176.38,323.02,37,South,2024-04
Tablet,Electronics,177.27,307.29,15,East,2024-04
Tablet,Electronics,187.07,303.54,22,West,2024-04
Tablet,Electronics,181.91,332.57,29,Central,2024-04
Tablet,Electronics,182.64,334.68,17,Northeast,2024-04
Headphones,Accessories,34.8,74.53,38,North,2024-04
Headphones,Accessories,34.59,77.67,34,South,2024-04
Headphones,Accessories,34.76,78.08,29,East,2024-04
Headphones,Accessories,36.18,76.7,42,West,2024-04
Headphones,Accessories,35.31,73.11,43,Central,2024-04
Headphones,Accessories,34.28,76.11,31,Northeast,2024-04
Monitor,Electronics,136.53,265.7,19,North,2024-04
Monitor,Electronics,137.98,247.11,24,South,2024-04
Monitor,Electronics,143.93,251.8,19,East,2024-04
Monitor,Electronics,140.69,259.14,25,West,2024-04
Monitor,Electronics,143.03,263.18,12,Central,2024-04
Monitor,Electronics,144.83,259.43,15,Northeast,2024-04
Keyboard,Accessories,25.04,58.05,25,North,2024-04
Keyboard,Accessories,24.25,52.33,39,South,2024-04
Keyboard,Accessories,24.31,56.54,29,East,2024-04
Keyboard,Accessories,24.54,57.91,41,West,2024-04
Keyboard,Accessories,24.97,55.93,38,Central,2024-04
Keyboard,Accessories,25.13,57.68,20,Northeast,2024-04
Mouse,Accessories,12.13,29.15,42,North,2024-04
Mouse,Accessories,12.42,31.3,37,South,2024-04
Mouse,Accessories,11.89,31.2,40,East,2024-04
Mouse,Accessories,12.1,29.36,53,West,2024-04
Mouse,Accessories,11.98,30.49,46,Central,2024-04
Mouse,Accessories,11.75,29.39,25,Northeast,2024-04
Printer,Office,108.45,208.65,20,North,2024-04
Printer,Office,109.14,197.93,16,South,2024-04
Printer,Office,107.2,204.33,11,East,2024-04
Printer,Office,110.11,208.61,13,West,2024-04
Printer,Office,106.78,219.9,17,Central,2024-04
Printer,Office,111.78,202.51,16,Northeast,2024-04
Chair,Furniture,85.39,189.79,11,North,2024-04
Chair,Furniture,83.79,176.97,8,South,2024-04
Chair,Furniture,82.56,184.57,12,East,2024-04
Chair,Furniture,87.07,182.38,12,West,2024-04
Chair,Furniture,83.91,182.23,6,Central,2024-04
Chair,Furniture,84.91,179.03,17,Northeast,2024-04
Desk,Furniture,145.69,315.46,13,North,2024-04
Desk,Furniture,151.5,297.02,10,South,2024-04
Desk,Furniture,153.16,284.7,16,East,2024-04
Desk,Furniture,148.78,300.35,14,West,2024-04
Desk,Furniture,150.37,289.9,21,Central,2024-04
Desk,Furniture,154.53,289.75,11,Northeast,2024-04
Webcam,Accessories,30.1,66.4,35,North,2024-04
Webcam,Accessories,30.88,68.61,34,South,2024-04
Webcam,Accessories,31.1,69.55,28,East,2024-04
Webcam,Accessories,30.13,73.23,26,West,2024-04
Webcam,Accessories,29.2,71.58,25,Central,2024-04
Webcam,Accessories,29.97,69.51,22,Northeast,2024-04
Router,Networking,45.59,94.38,26,North,2024-04
Router,Networking,43.69,95.3,28,South,2024-04
Router,Networking,46.2,98.73,22,East,2024-04
Router,Networking,43.72,101.12,33,West,2024-04
Router,Networking,43.97,99.06,32,Central,2024-04
Router,Networking,45.64,103.45,20,Northeast,2024-04
SSD,Components,57.15,127.45,39,North,2024-04
SSD,Components,57.12,129.68,36,South,2024-04
SSD,Components,56.99,123.01,26,East,2024-04
SSD,Components,54.98,123.61,54,West,2024-04
SSD,Components,54.35,137.35,31,Central,2024-04
SSD,Components,54.43,129.19,30,Northeast,2024-04
Keyboard Pro,Accessories,57.11,120.44,17,North,2024-04
Keyboard Pro,Accessories,54.86,113.25,22,South,2024-04
Keyboard Pro,Accessories,55.95,115.41,17,East,2024-04
Keyboard Pro,Accessories,56.11,117.82,28,West,2024-04
Keyboard Pro,Accessories,55.55,125.08,18,Central,2024-04
Keyboard Pro,Accessories,53.5,117.73,17,Northeast,2024-04
Projector,Office,255.57,484.31,19,North,2024-04
Projector,Office,254.99,512.62,9,South,2024-04
Projector,Office,245.61,501.99,11,East,2024-04
Projector,Office,247.13,525.66,4,West,2024-04
Projector,Office,247.29,484.41,9,Central,2024-04
Projector,Office,248.43,493.11,4,Northeast,2024-04
Smartwatch,Electronics,93.15,232.96,22,North,2024-04
Smartwatch,Electronics,92.18,215.1,35,South,2024-04
Smartwatch,Electronics,92.38,227.05,24,East,2024-04
Smartwatch,Electronics,87.52,224.12,30,West,2024-04
Smartwatch,Electronics,89.04,209.38,25,Central,2024-04
Smartwatch,Electronics,88.97,218.63,16,Northeast,2024-04
Speaker,Accessories,44.5,115.01,36,North,2024-04
Speaker,Accessories,45.23,107.73,33,South,2024-04
Speaker,Accessories,44.13,110.04,24,East,2024-04
Speaker,Accessories,46.25,108.86,44,West,2024-04
Speaker,Accessories,44.19,110.35,37,Central,2024-04
Speaker,Accessories,46.58,106.88,16,Northeast,2024-04
Camera,Electronics,292.24,667.24,14,North,2024-04
Camera,Electronics,301.76,616.27,14,South,2024-04
Camera,Electronics,310.68,620.26,18,East,2024-04
Camera,Electronics,303.34,636.21,20,West,2024-04
Camera,Electronics,293.19,623.19,20,Central,2024-04
Camera,Electronics,292.84,682.94,11,Northeast,2024-04
Microphone,Accessories,71.1,151.14,17,North,2024-04
Microphone,Accessories,72.55,152.21,16,South,2024-04
Microphone,Accessories,70.53,157.47,14,East,2024-04
Microphone,Accessories,69.15,157.48,21,West,2024-04
Microphone,Accessories,70.97,155.43,18,Central,2024-04
Microphone,Accessories,71.68,160.65,12,Northeast,2024-04
Scanner,Office,90.59,200.63,6,North,2024-04
Scanner,Office,93.52,194.52,15,South,2024-04
Scanner,Office,88.1,191.41,15,East,2024-04
Scanner,Office,92.78,195.09,18,West,2024-04
Scanner,Office,92.61,195.8,19,Central,2024-04
Scanner,Office,88.66,191.28,14,Northeast,2024-04
Laptop,Electronics,511.25,841.86,20,North,2024-05
Laptop,Electronics,507.81,819.84,34,South,2024-05
Laptop,Electronics,515.04,819.38,23,East,2024-05
Laptop,Electronics,505.84,829.51,33,West,2024-05
Laptop,Electronics,530.95,799.5,36,Central,2024-05
Laptop,Electronics,522.09,847.11,16,Northeast,2024-05
Phone,Electronics,260.05,481.25,34,North,2024-05
Phone,Electronics,253.63,508.51,33,South,2024-05
Phone,Electronics,257.43,471.48,24,East,2024-05
Phone,Electronics,268.93,479.79,22,West,2024-05
Phone,Electronics,253.66,474.43,29,Central,2024-05
Phone,Electronics,261.26,484.24,25,Northeast,2024-05
Tablet,Electronics,176.35,332.55,23,North,2024-05
Tablet,Electronics,179.26,334.14,29,South,2024-05
Tablet,Electronics,175.47,307.34,28,East,2024-05
Tablet,Electronics,175.44,328.59,38,West,2024-05
Tablet,Electronics,174.9,304.21,24,Central,2024-05
Tablet,Electronics,184.62,317.17,19,Northeast,2024-05
Headphones,Accessories,34.32,79.4,44,North,2024-05
Headphones,Accessories,36.12,74.8,50,South,2024-05
Headphones,Accessories,34.98,72.87,35,East,2024-05
Headphones,Accessories,34.75,74.66,46,West,2024-05
Headphones,Accessories,34.32,73.79,52,Central,2024-05
Headphones,Accessories,35.65,71.7,39,Northeast,2024-05
Monitor,Electronics,135.88,249.1,26,North,2024-05
Monitor,Electronics,143.21,262.87,22,South,2024-05
Monitor,Electronics,145.51,262.97,16,East,2024-05
Monitor,Electronics,141.24,248.27,30,West,2024-05
Monitor,Electronics,144.55,267.9,26,Central,2024-05
Monitor,Electronics,138.71,261.74,14,Northeast,2024-05
Keyboard,Accessories,25.96,56.2,32,North,2024-05
Keyboard,Accessories,24.44,54.91,35,South,2024-05
Keyboard,Accessories,25.88,52.14,26,East,2024-05
Keyboard,Accessories,24.42,56.75,52,West,2024-05
Keyboard,Accessories,25.46,52.15,41,Central,2024-05
Keyboard,Accessories,25.51,57.17,26,Northeast,2024-05
Mouse,Accessories,12.44,30.71,43,North,2024-05
Mouse,Accessories,12.28,29.77,43,South,2024-05
Mouse,Accessories,12.12,29.93,24,East,2024-05
Mouse,Accessories,12.13,30.3,56,West,2024-05
Mouse,Accessories,12.3,30.51,46,Central,2024-05
Mouse,Accessories,11.73,30.38,27,Northeast,2024-05
Printer,Office,111.93,219.4,10,North,2024-05
Printer,Office,112.35,202.99,27,South,2024-05
Printer,Office,109.31,212.3,15,East,2024-05
Printer,Office,110.7,215.63,20,West,2024-05
Printer,Office,108.19,201.0,18,Central,2024-05
Printer,Office,108.51,210.13,8,Northeast,2024-05
Chair,Furniture,84.73,186.82,18,North,2024-05
Chair,Furniture,86.07,171.59,30,South,2024-05
Chair,Furniture,87.94,170.3,21,East,2024-05
Chair,Furniture,83.71,181.13,24,West,2024-05
Chair,Furniture,86.51,169.93,15,Central,2024-05
Chair,Furniture,88.03,189.51,11,Northeast,2024-05
Desk,Furniture,149.91,298.65,8,North,2024-05
Desk,Furniture,154.28,290.38,11,South,2024-05
Desk,Furniture,147.76,301.75,8,East,2024-05
Desk,Furniture,152.07,295.25,24,West,2024-05
Desk,Furniture,154.98,314.88,17,Central,2024-05
Desk,Furniture,152.21,304.33,6,Northeast,2024-05
Webcam,Accessories,30.17,70.08,29,North,2024-05
Webcam,Accessories,30.21,67.9,34,South,2024-05
Webcam,Accessories,29.77,67.25,25,East,2024-05
Webcam,Accessories,30.45,69.99,52,West,2024-05
Webcam,Accessories,29.15,71.62,27,Central,2024-05
Webcam,Accessories,30.4,66.06,27,Northeast,2024-05
Router,Networking,45.55,100.2,26,North,2024-05
Router,Networking,45.71,95.2,35,South,2024-05
Router,Networking,45.37,103.92,26,East,2024-05
Router,Networking,44.04,104.31,44,West,2024-05
Router,Networking,43.89,104.03,23,Central,2024-05
Router,Networking,44.7,99.34,16,Northeast,2024-05
SSD,Components,56.31,128.48,43,North,2024-05
SSD,Components,54.49,124.14,52,South,2024-05
SSD,Components,56.98,128.55,43,East,2024-05
SSD,Components,55.11,132.61,46,West,2024-05
SSD,Components,55.71,124.45,32,Central,2024-05
SSD,Components,56.76,127.68,31,Northeast,2024-05
Keyboard Pro,Accessories,54.39,123.93,22,North,2024-05
Keyboard Pro,Accessories,56.52,125.2,33,South,2024-05
Keyboard Pro,Accessories,54.23,126.62,28,East,2024-05
Keyboard Pro,Accessories,55.51,118.88,27,West,2024-05
Keyboard Pro,Accessories,53.67,116.27,26,Central,2024-05
Keyboard Pro,Accessories,55.36,121.87,16,Northeast,2024-05
Projector,Office,256.9,482.56,9,North,2024-05
Projector,Office,252.56,515.6,18,South,2024-05
Projector,Office,255.26,522.9,10,East,2024-05
Projector,Office,250.43,514.67,22,West,2024-05
Projector,Office,244.35,503.93,10,Central,2024-05
Projector,Office,249.4,493.79,11,Northeast,2024-05
Smartwatch,Electronics,90.27,220.03,30,North,2024-05
Smartwatch,Electronics,92.34,215.81,36,South,2024-05
Smartwatch,Electronics,89.1,222.18,25,East,2024-05
Smartwatch,Electronics,88.91,224.53,30,West,2024-05
Smartwatch,Electronics,92.82,216.87,21,Central,2024-05
Smartwatch,Electronics,89.78,207.65,26,Northeast,2024-05
Speaker,Accessories,44.87,110.43,37,North,2024-05
Speaker,Accessories,46.46,109.58,31,South,2024-05
Speaker,Accessories,46.71,111.89,23,East,2024-05
Speaker,Accessories,46.36,105.24,36,West,2024-05
Speaker,Accessories,43.69,116.48,32,Central,2024-05
Speaker,Accessories,44.77,114.06,21,Northeast,2024-05
Camera,Electronics,307.48,668.78,9,North,2024-05
Camera,Electronics,291.06,680.65,13,South,2024-05
Camera,Electronics,296.71,637.06,13,East,2024-05
Camera,Electronics,305.84,652.31,19,West,2024-05
Camera,Electronics,294.67,676.86,18,Central,2024-05
Camera,Electronics,295.33,672.06,7,Northeast,2024-05
Microphone,Accessories,69.0,151.03,13,North,2024-05
Microphone,Accessories,72.16,165.71,24,South,2024-05
Microphone,Accessories,71.1,160.48,24,East,2024-05
Microphone,Accessories,68.26,156.46,35,West,2024-05
Microphone,Accessories,72.02,163.37,17,Central,2024-05
Microphone,Accessories,69.17,160.27,9,Northeast,2024-05
Scanner,Office,91.32,180.96,14,North,2024-05
Scanner,Office,91.63,194.37,15,South,2024-05
Scanner,Office,91.96,180.31,15,East,2024-05
Scanner,Office,91.58,186.66,18,West,2024-05
Scanner,Office,88.05,192.19,12,Central,2024-05
Scanner,Office,88.46,195.27,7,Northeast,2024-05
Laptop,Electronics,529.64,888.07,10,North,2024-06
Laptop,Electronics,514.68,855.98,28,South,2024-06
Laptop,Electronics,514.88,893.18,22,East,2024-06
Laptop,Electronics,540.1,896.5,31,West,2024-06
Laptop,Electronics,533.98,821.44,29,Central,2024-06
Laptop,Electronics,521.25,845.02,22,Northeast,2024-06
Phone,Electronics,264.03,488.25,29,North,2024-06
Phone,Electronics,266.52,453.83,40,South,2024-06
Phone,Electronics,256.01,465.33,33,East,2024-06
Phone,Electronics,266.17,454.9,42,West,2024-06
Phone,Electronics,267.03,476.04,32,Central,2024-06
Phone,Electronics,264.23,505.32,23,Northeast,2024-06
Tablet,Electronics,179.82,318.38,27,North,2024-06
Tablet,Electronics,179.83,304.8,25,South,2024-06
Tablet,Electronics,186.33,322.19,23,East,2024-06
Tablet,Electronics,176.09,310.38,29,West,2024-06
Tablet,Electronics,181.27,316.21,20,Central,2024-06
Tablet,Electronics,181.51,313.44,16,Northeast,2024-06
Headphones,Accessories,34.22,78.97,31,North,2024-06
Headphones,Accessories,35.46,79.33,38,South,2024-06
Headphones,Accessories,34.89,74.28,49,East,2024-06
Headphones,Accessories,34.88,79.47,50,West,2024-06
Headphones,Accessories,35.26,71.84,50,Central,2024-06
Headphones,Accessories,34.55,71.89,40,Northeast,2024-06
Monitor,Electronics,145.59,266.52,24,North,2024-06
Monitor,Electronics,142.5,262.8,26,South,2024-06
Monitor,Electronics,141.62,266.16,15,East,2024-06
Monitor,Electronics,142.33,271.92,25,West,2024-06
Monitor,Electronics,138.2,247.08,20,Central,2024-06
Monitor,Electronics,138.58,249.66,16,Northeast,2024-06
Keyboard,Accessories,25.93,56.97,42,North,2024-06
Keyboard,Accessories,24.51,56.83,50,South,2024-06
Keyboard,Accessories,24.52,53.92,50,East,2024-06
Keyboard,Accessories,24.7,55.61,45,West,2024-06
Keyboard,Accessories,25.25,53.57,32,Central,2024-06
Keyboard,Accessories,24.47,56.0,36,Northeast,2024-06
Mouse,Accessories,12.19,31.15,46,North,2024-06
Mouse,Accessories,12.16,31.35,43,South,2024-06
Mouse,Accessories,11.7,30.38,34,East,2024-06
Mouse,Accessories,11.77,30.18,57,West,2024-06
Mouse,Accessories,11.9,31.16,45,Central,2024-06
Mouse,Accessories,12.19,29.9,24,Northeast,2024-06
Printer,Office,108.59,212.37,21,North,2024-06
Printer,Office,111.24,216.92,14,South,2024-06
Printer,Office,108.96,216.32,18,East,2024-06
Printer,Office,114.0,215.27,15,West,2024-06
Printer,Office,109.73,203.31,24,Central,2024-06
Printer,Office,109.12,211.78,9,Northeast,2024-06
Chair,Furniture,86.03,187.77,14,North,2024-06
Chair,Furniture,83.96,170.59,23,South,2024-06
Chair,Furniture,83.55,169.31,17,East,2024-06
Chair,Furniture,87.0,189.16,18,West,2024-06
Chair,Furniture,85.19,190.27,13,Central,2024-06
Chair,Furniture,86.31,171.31,16,Northeast,2024-06
Desk,Furniture,151.98,299.84,9,North,2024-06
Desk,Furniture,151.78,291.72,16,South,2024-06
Desk,Furniture,149.43,313.78,11,East,2024-06
Desk,Furniture,153.18,288.55,17,West,2024-06
Desk,Furniture,154.07,316.7,19,Central,2024-06
Desk,Furniture,151.89,303.99,8,Northeast,2024-06
Webcam,Accessories,30.48,66.76,38,North,2024-06
Webcam,Accessories,29.53,68.46,36,South,2024-06
Webcam,Accessories,30.94,73.52,40,East,2024-06
Webcam,Accessories,29.28,66.2,40,West,2024-06
Webcam,Accessories,31.1,67.23,39,Central,2024-06
Webcam,Accessories,29.8,71.48,25,Northeast,2024-06
Router,Networking,44.6,105.25,23,North,2024-06
Router,Networking,45.07,101.88,35,South,2024-06
Router,Networking,44.5,102.08,22,East,2024-06
Router,Networking,44.69,97.99,36,West,2024-06
Router,Networking,45.36,96.32,24,Central,2024-06
Router,Networking,44.99,105.33,27,Northeast,2024-06
SSD,Components,56.13,122.87,42,North,2024-06
SSD,Components,56.34,123.09,40,South,2024-06
SSD,Components,57.18,124.9,22,East,2024-06
SSD,Components,56.18,132.18,36,West,2024-06
SSD,Components,54.71,131.54,28,Central,2024-06
SSD,Components,53.62,127.38,41,Northeast,2024-06
Keyboard Pro,Accessories,55.66,123.09,26,North,2024-06
Keyboard Pro,Accessories,53.65,115.52,32,South,2024-06
Keyboard Pro,Accessories,55.96,126.98,18,East,2024-06
Keyboard Pro,Accessories,56.96,120.1,26,West,2024-06
Keyboard Pro,Accessories,53.57,115.3,18,Central,2024-06
Keyboard Pro,Accessories,53.9,125.24,14,Northeast,2024-06
Projector,Office,252.19,471.61,16,North,2024-06
Projector,Office,252.21,493.28,9,South,2024-06
Projector,Office,255.83,525.91,16,East,2024-06
Projector,Office,258.74,508.96,14,West,2024-06
Projector,Office,244.42,473.75,8,Central,2024-06
Projector,Office,256.34,512.08,5,Northeast,2024-06
Smartwatch,Electronics,89.03,215.53,31,North,2024-06
Smartwatch,Electronics,88.18,225.16,34,South,2024-06
Smartwatch,Electronics,91.38,211.94,24,East,2024-06
Smartwatch,Electronics,90.57,209.76,25,West,2024-06
Smartwatch,Electronics,93.31,210.3,25,Central,2024-06
Smartwatch,Electronics,92.96,215.3,20,Northeast,2024-06
Speaker,Accessories,44.01,107.36,34,North,2024-06
Speaker,Accessories,46.42,113.99,36,South,2024-06
Speaker,Accessories,43.77,109.85,34,East,2024-06
Speaker,Accessories,45.43,107.48,26,West,2024-06
Speaker,Accessories,43.88,112.59,33,Central,2024-06
Speaker,Accessories,44.24,106.41,27,Northeast,2024-06
Camera,Electronics,305.79,666.37,19,North,2024-06
Camera,Electronics,297.8,652.6,11,South,2024-06
Camera,Electronics,296.79,613.62,8,East,2024-06
Camera,Electronics,304.2,660.82,17,West,2024-06
Camera,Electronics,298.41,644.8,19,Central,2024-06
Camera,Electronics,301.23,649.34,11,Northeast,2024-06
Microphone,Accessories,72.52,150.91,18,North,2024-06
Microphone,Accessories,71.42,169.59,10,South,2024-06
Microphone,Accessories,70.84,150.89,27,East,2024-06
Microphone,Accessories,69.33,162.24,15,West,2024-06
Microphone,Accessories,68.32,152.35,19,Central,2024-06
Microphone,Accessories,71.37,158.73,19,Northeast,2024-06
Scanner,Office,89.86,197.91,19,North,2024-06
Scanner,Office,93.25,183.69,15,South,2024-06
Scanner,Office,89.61,184.13,12,East,2024-06
Scanner,Office,89.14,198.74,18,West,2024-06
Scanner,Office,88.29,197.34,9,Central,2024-06
Scanner,Office,92.31,193.92,12,Northeast,2024-06
Laptop,Electronics,505.6,839.06,16,North,2024-07
Laptop,Electronics,522.44,832.55,24,South,2024-07
Laptop,Electronics,529.08,848.02,22,East,2024-07
Laptop,Electronics,525.7,834.31,30,West,2024-07
Laptop,Electronics,529.66,832.69,26,Central,2024-07
Laptop,Electronics,536.89,843.99,12,Northeast,2024-07
Phone,Electronics,252.38,475.64,42,North,2024-07
Phone,Electronics,257.42,506.17,35,South,2024-07
Phone,Electronics,262.19,490.67,39,East,2024-07
Phone,Electronics,254.72,466.67,53,West,2024-07
Phone,Electronics,264.79,457.55,38,Central,2024-07
Phone,Electronics,261.73,499.26,30,Northeast,2024-07
Tablet,Electronics,181.1,332.0,20,North,2024-07
Tablet,Electronics,182.9,304.67,24,South,2024-07
Tablet,Electronics,178.37,302.89,20,East,2024-07
Tablet,Electronics,175.32,331.01,28,West,2024-07
Tablet,Electronics,176.54,316.26,27,Central,2024-07
Tablet,Electronics,186.25,334.53,22,Northeast,2024-07
Headphones,Accessories,36.36,75.52,34,North,2024-07
Headphones,Accessories,34.76,75.56,41,South,2024-07
Headphones,Accessories,34.6,75.87,29,East,2024-07
Headphones,Accessories,36.1,73.78,47,West,2024-07
Headphones,Accessories,34.75,77.31,47,Central,2024-07
Headphones,Accessories,33.95,75.53,38,Northeast,2024-07
Monitor,Electronics,140.22,269.11,24,North,2024-07
Monitor,Electronics,143.16,253.39,30,South,2024-07
Monitor,Electronics,138.84,253.8,19,East,2024-07
Monitor,Electronics,141.22,257.18,25,West,2024-07
Monitor,Electronics,144.93,272.76,21,Central,2024-07
Monitor,Electronics,144.02,266.4,16,Northeast,2024-07
Keyboard,Accessories,25.43,56.65,37,North,2024-07
Keyboard,Accessories,25.28,54.99,41,South,2024-07
Keyboard,Accessories,25.5,57.09,34,East,2024-07
Keyboard,Accessories,24.97,57.34,42,West,2024-07
Keyboard,Accessories,25.51,55.96,36,Central,2024-07
Keyboard,Accessories,25.44,57.05,28,Northeast,2024-07
Mouse,Accessories,12.1,28.82,49,North,2024-07
Mouse,Accessories,11.73,31.33,43,South,2024-07
Mouse,Accessories,11.73,29.76,31,East,2024-07
Mouse,Accessories,11.68,29.94,44,West,2024-07
Mouse,Accessories,11.83,31.06,44,Central,2024-07
Mouse,Accessories,12.39,29.29,33,Northeast,2024-07
Printer,Office,109.24,203.08,18,North,2024-07
Printer,Office,107.58,222.54,19,South,2024-07
Printer,Office,108.95,210.48,20,East,2024-07
Printer,Office,111.49,220.73,21,West,2024-07
Printer,Office,113.66,210.1,18,Central,2024-07
Printer,Office,112.57,205.13,9,Northeast,2024-07
Chair,Furniture,84.37,178.83,14,North,2024-07
Chair,Furniture,86.88,174.74,11,South,2024-07
Chair,Furniture,84.84,186.31,17,East,2024-07
Chair,Furniture,87.09,179.66,16,West,2024-07
Chair,Furniture,87.25,176.29,10,Central,2024-07
Chair,Furniture,87.62,190.75,10,Northeast,2024-07
Desk,Furniture,150.76,286.68,11,North,2024-07
Desk,Furniture,152.39,290.13,14,South,2024-07
Desk,Furniture,151.83,314.05,13,East,2024-07
Desk,Furniture,148.87,287.75,14,West,2024-07
Desk,Furniture,152.52,312.08,14,Central,2024-07
Desk,Furniture,152.25,306.21,8,Northeast,2024-07
Webcam,Accessories,30.22,72.56,25,North,2024-07
Webcam,Accessories,29.47,72.65,30,South,2024-07
Webcam,Accessories,30.9,67.88,24,East,2024-07
Webcam,Accessories,29.53,68.4,35,West,2024-07
Webcam,Accessories,29.98,67.13,41,Central,2024-07
Webcam,Accessories,31.01,67.59,30,Northeast,2024-07
Router,Networking,44.97,96.89,24,North,2024-07
Router,Networking,45.46,98.56,30,South,2024-07
Router,Networking,44.74,97.56,23,East,2024-07
Router,Networking,43.82,97.34,40,West,2024-07
Router,Networking,45.18,99.11,23,Central,2024-07
Router,Networking,46.65,98.18,23,Northeast,2024-07
SSD,Components,55.66,122.81,26,North,2024-07
SSD,Components,54.98,133.93,33,South,2024-07
SSD,Components,55.01,122.59,40,East,2024-07
SSD,Components,55.98,131.16,28,West,2024-07
SSD,Components,55.93,127.37,34,Central,2024-07
SSD,Components,56.27,135.73,27,Northeast,2024-07
Keyboard Pro,Accessories,55.18,126.26,24,North,2024-07
Keyboard Pro,Accessories,55.01,125.05,38,South,2024-07
Keyboard Pro,Accessories,56.26,123.02,21,East,2024-07
Keyboard Pro,Accessories,57.1,115.21,26,West,2024-07
Keyboard Pro,Accessories,55.05,124.26,19,Central,2024-07
Keyboard Pro,Accessories,55.32,125.13,10,Northeast,2024-07
Projector,Office,257.84,485.01,10,North,2024-07
Projector,Office,251.45,475.09,14,South,2024-07
Projector,Office,248.52,497.88,8,East,2024-07
Projector,Office,245.39,525.67,8,West,2024-07
Projector,Office,256.33,473.5,14,Central,2024-07
Projector,Office,253.54,509.72,13,Northeast,2024-07
Smartwatch,Electronics,93.15,220.66,36,North,2024-07
Smartwatch,Electronics,91.7,216.01,24,South,2024-07
Smartwatch,Electronics,88.27,207.41,24,East,2024-07
Smartwatch,Electronics,92.2,223.93,28,West,2024-07
Smartwatch,Electronics,88.6,207.21,24,Central,2024-07
Smartwatch,Electronics,88.29,207.33,22,Northeast,2024-07
Speaker,Accessories,46.16,115.75,30,North,2024-07
Speaker,Accessories,43.84,110.85,34,South,2024-07
Speaker,Accessories,44.53,109.05,31,East,2024-07
Speaker,Accessories,45.63,113.54,38,West,2024-07
Speaker,Accessories,45.37,112.94,27,Central,2024-07
Speaker,Accessories,45.62,115.75,21,Northeast,2024-07
Camera,Electronics,300.87,643.27,12,North,2024-07
Camera,Electronics,291.84,664.48,20,South,2024-07
Camera,Electronics,304.5,664.24,14,East,2024-07
Camera,Electronics,301.68,685.81,20,West,2024-07
Camera,Electronics,296.95,629.43,15,Central,2024-07
Camera,Electronics,299.21,639.61,12,Northeast,2024-07
Microphone,Accessories,70.04,165.84,21,North,2024-07
Microphone,Accessories,68.04,159.42,24,South,2024-07
Microphone,Accessories,69.49,168.63,16,East,2024-07
Microphone,Accessories,70.19,162.31,21,West,2024-07
Microphone,Accessories,68.49,152.54,24,Central,2024-07
Microphone,Accessories,68.09,169.11,20,Northeast,2024-07
Scanner,Office,91.48,181.85,15,North,2024-07
Scanner,Office,91.21,199.68,13,South,2024-07
Scanner,Office,88.51,181.64,9,East,2024-07
Scanner,Office,90.64,194.67,16,West,2024-07
Scanner,Office,92.85,197.13,15,Central,2024-07
Scanner,Office,90.29,190.26,15,Northeast,2024-07
Laptop,Electronics,515.5,839.38,23,North,2024-08
Laptop,Electronics,520.07,866.37,21,South,2024-08
Laptop,Electronics,538.0,834.29,17,East,2024-08
Laptop,Electronics,534.56,853.73,22,West,2024-08
Laptop,Electronics,525.73,853.21,24,Central,2024-08
Laptop,Electronics,513.99,849.7,15,Northeast,2024-08
Phone,Electronics,253.9,479.87,23,North,2024-08
Phone,Electronics,263.27,462.19,34,South,2024-08
Phone,Electronics,257.57,501.64,27,East,2024-08
Phone,Electronics,265.21,505.6,27,West,2024-08
Phone,Electronics,269.43,508.17,24,Central,2024-08
Phone,Electronics,254.56,469.37,29,Northeast,2024-08
Tablet,Electronics,175.74,314.04,27,North,2024-08
Tablet,Electronics,176.41,317.39,43,South,2024-08
Tablet,Electronics,177.08,320.84,15,East,2024-08
Tablet,Electronics,176.36,302.9,35,West,2024-08
Tablet,Electronics,180.16,304.15,31,Central,2024-08
Tablet,Electronics,175.51,315.09,16,Northeast,2024-08
Headphones,Accessories,36.39,79.41,28,North,2024-08
Headphones,Accessories,33.98,72.64,38,South,2024-08
Headphones,Accessories,34.39,73.56,42,East,2024-08
Headphones,Accessories,34.54,78.17,50,West,2024-08
Headphones,Accessories,34.32,74.96,36,Central,2024-08
Headphones,Accessories,34.37,72.87,42,Northeast,2024-08
Monitor,Electronics,141.17,262.03,18,North,2024-08
Monitor,Electronics,142.87,247.14,22,South,2024-08
Monitor,Electronics,144.64,254.22,22,East,2024-08
Monitor,Electronics,144.67,259.38,27,West,2024-08
Monitor,Electronics,141.15,264.38,16,Central,2024-08
Monitor,Electronics,144.1,254.18,15,Northeast,2024-08
Keyboard,Accessories,25.57,54.62,35,North,2024-08
Keyboard,Accessories,24.71,53.29,40,South,2024-08
Keyboard,Accessories,25.42,57.97,31,East,2024-08
Keyboard,Accessories,25.74,57.17,40,West,2024-08
Keyboard,Accessories,25.48,58.08,28,Central,2024-08
Keyboard,Accessories,25.63,52.48,25,Northeast,2024-08
Mouse,Accessories,11.79,31.48,39,North,2024-08
Mouse,Accessories,11.79,29.71,54,South,2024-08
Mouse,Accessories,12.02,28.76,39,East,2024-08
Mouse,Accessories,11.9,30.83,53,West,2024-08
Mouse,Accessories,12.16,30.14,33,Central,2024-08
Mouse,Accessories,12.28,28.56,41,Northeast,2024-08
Printer,Office,109.19,202.93,20,North,2024-08
Printer,Office,113.67,214.71,18,South,2024-08
Printer,Office,109.05,211.51,23,East,2024-08
Printer,Office,112.3,215.34,30,West,2024-08
Printer,Office,113.07,205.5,24,Central,2024-08
Printer,Office,108.76,216.75,14,Northeast,2024-08
Chair,Furniture,85.33,176.07,25,North,2024-08
Chair,Furniture,84.74,188.36,18,South,2024-08
Chair,Furniture,87.86,186.45,16,East,2024-08
Chair,Furniture,85.49,178.43,20,West,2024-08
Chair,Furniture,87.54,180.07,19,Central,2024-08
Chair,Furniture,85.6,177.63,12,Northeast,2024-08
Desk,Furniture,152.75,283.12,14,North,2024-08
Desk,Furniture,151.15,291.0,16,South,2024-08
Desk,Furniture,145.57,302.91,18,East,2024-08
Desk,Furniture,147.68,298.23,18,West,2024-08
Desk,Furniture,149.66,312.96,15,Central,2024-08
Desk,Furniture,149.74,282.7,11,Northeast,2024-08
Webcam,Accessories,30.58,73.88,34,North,2024-08
Webcam,Accessories,31.17,70.94,39,South,2024-08
Webcam,Accessories,30.12,71.68,19,East,2024-08
Webcam,Accessories,30.14,66.38,30,West,2024-08
Webcam,Accessories,30.86,70.44,28,Central,2024-08
Webcam,Accessories,30.96,66.79,19,Northeast,2024-08
Router,Networking,46.19,96.46,22,North,2024-08
Router,Networking,46.02,102.95,26,South,2024-08
Router,Networking,44.29,99.39,29,East,2024-08
Router,Networking,44.01,99.39,37,West,2024-08
Router,Networking,43.87,102.15,23,Central,2024-08
Router,Networking,44.13,98.01,18,Northeast,2024-08
SSD,Components,54.03,131.61,35,North,2024-08
SSD,Components,53.48,137.43,41,South,2024-08
SSD,Components,54.01,123.25,31,East,2024-08
SSD,Components,55.87,130.58,42,West,2024-08
SSD,Components,54.36,133.4,42,Central,2024-08
SSD,Components,56.43,125.25,24,Northeast,2024-08
Keyboard Pro,Accessories,55.39,115.49,31,North,2024-08
Keyboard Pro,Accessories,55.14,113.24,43,South,2024-08
Keyboard Pro,Accessories,56.77,126.61,17,East,2024-08
Keyboard Pro,Accessories,55.32,122.68,28,West,2024-08
Keyboard Pro,Accessories,56.26,124.22,19,Central,2024-08
Keyboard Pro,Accessories,56.65,118.63,15,Northeast,2024-08
Projector,Office,248.72,470.44,15,North,2024-08
Projector,Office,245.23,523.8,20,South,2024-08
Projector,Office,253.08,529.66,5,East,2024-08
Projector,Office,252.82,474.5,21,West,2024-08
Projector,Office,252.81,496.69,14,Central,2024-08
Projector,Office,254.99,498.31,7,Northeast,2024-08
Smartwatch,Electronics,92.33,220.54,21,North,2024-08
Smartwatch,Electronics,91.2,206.88,42,South,2024-08
Smartwatch,Electronics,89.8,229.34,26,East,2024-08
Smartwatch,Electronics,87.67,223.13,25,West,2024-08
Smartwatch,Electronics,91.97,208.35,18,Central,2024-08
Smartwatch,Electronics,87.74,228.98,18,Northeast,2024-08
Speaker,Accessories,44.04,105.08,35,North,2024-08
Speaker,Accessories,46.64,113.04,36,South,2024-08
Speaker,Accessories,43.87,105.81,33,East,2024-08
Speaker,Accessories,45.83,115.18,52,West,2024-08
Speaker,Accessories,45.99,109.82,29,Central,2024-08
Speaker,Accessories,46.73,112.1,27,Northeast,2024-08
Camera,Electronics,303.36,648.08,10,North,2024-08
Camera,Electronics,293.5,633.15,18,South,2024-08
Camera,Electronics,294.56,657.06,16,East,2024-08
Camera,Electronics,291.55,680.91,18,West,2024-08
Camera,Electronics,300.9,628.56,14,Central,2024-08
Camera,Electronics,303.22,667.17,11,Northeast,2024-08
Microphone,Accessories,70.05,157.3,15,North,2024-08
Microphone,Accessories,71.71,153.41,28,South,2024-08
Microphone,Accessories,69.24,150.77,18,East,2024-08
Microphone,Accessories,69.74,168.05,29,West,2024-08
Microphone,Accessories,68.16,157.53,24,Central,2024-08
Microphone,Accessories,71.7,155.33,15,Northeast,2024-08
Scanner,Office,90.52,178.65,14,North,2024-08
Scanner,Office,88.74,192.59,18,South,2024-08
Scanner,Office,88.17,182.86,11,East,2024-08
Scanner,Office,92.98,185.63,24,West,2024-08
Scanner,Office,90.87,191.73,20,Central,2024-08
Scanner,Office,89.2,185.36,6,Northeast,2024-08
Laptop,Electronics,522.21,837.9,25,North,2024-09
Laptop,Electronics,539.84,884.91,29,South,2024-09
Laptop,Electronics,516.57,852.85,16,East,2024-09
Laptop,Electronics,534.41,803.58,31,West,2024-09
Laptop,Electronics,539.68,832.37,20,Central,2024-09
Laptop,Electronics,528.37,815.88,26,Northeast,2024-09
Phone,Electronics,252.94,488.52,34,North,2024-09
Phone,Electronics,256.53,482.09,39,South,2024-09
Phone,Electronics,256.6,496.73,37,East,2024-09
Phone,Electronics,254.24,495.89,38,West,2024-09
Phone,Electronics,267.68,481.44,32,Central,2024-09
Phone,Electronics,261.19,478.79,28,Northeast,2024-09
Tablet,Electronics,179.61,305.82,28,North,2024-09
Tablet,Electronics,178.65,329.84,32,South,2024-09
Tablet,Electronics,176.14,334.49,17,East,2024-09
Tablet,Electronics,178.36,317.36,40,West,2024-09
Tablet,Electronics,179.81,304.06,35,Central,2024-09
Tablet,Electronics,183.19,328.61,16,Northeast,2024-09
Headphones,Accessories,34.73,77.44,45,North,2024-09
Headphones,Accessories,34.17,75.03,54,South,2024-09
Headphones,Accessories,34.85,71.77,27,East,2024-09
Headphones,Accessories,35.16,79.41,48,West,2024-09
Headphones,Accessories,34.57,79.32,47,Central,2024-09
Headphones,Accessories,35.62,71.13,30,Northeast,2024-09
Monitor,Electronics,142.9,268.42,19,North,2024-09
Monitor,Electronics,142.27,249.4,32,South,2024-09
Monitor,Electronics,141.44,261.68,18,East,2024-09
Monitor,Electronics,139.37,249.48,37,West,2024-09
Monitor,Electronics,136.57,270.03,23,Central,2024-09
Monitor,Electronics,143.55,265.55,19,Northeast,2024-09
Keyboard,Accessories,25.85,55.04,40,North,2024-09
Keyboard,Accessories,25.12,53.25,50,South,2024-09
Keyboard,Accessories,25.96,53.09,34,East,2024-09
Keyboard,Accessories,24.95,53.89,52,West,2024-09
Keyboard,Accessories,24.63,57.36,45,Central,2024-09
Keyboard,Accessories,25.07,56.16,25,Northeast,2024-09
Mouse,Accessories,12.1,28.69,47,North,2024-09
Mouse,Accessories,12.43,28.98,58,South,2024-09
Mouse,Accessories,12.16,28.59,52,East,2024-09
Mouse,Accessories,11.86,28.9,55,West,2024-09
Mouse,Accessories,11.87,29.37,53,Central,2024-09
Mouse,Accessories,12.22,29.43,29,Northeast,2024-09
Printer,Office,106.71,202.46,20,North,2024-09
Printer,Office,114.36,204.28,31,South,2024-09
Printer,Office,110.27,205.21,12,East,2024-09
Printer,Office,113.4,207.9,31,West,2024-09
Printer,Office,107.9,211.87,19,Central,2024-09
Printer,Office,109.85,212.0,18,Northeast,2024-09
Chair,Furniture,84.08,188.1,11,North,2024-09
Chair,Furniture,84.12,169.95,23,South,2024-09
Chair,Furniture,83.24,171.61,24,East,2024-09
Chair,Furniture,86.84,185.62,17,West,2024-09
Chair,Furniture,86.79,187.7,16,Central,2024-09
Chair,Furniture,87.53,184.9,11,Northeast,2024-09
Desk,Furniture,150.52,296.41,15,North,2024-09
Desk,Furniture,150.17,317.19,14,South,2024-09
Desk,Furniture,148.62,286.82,8,East,2024-09
Desk,Furniture,149.14,288.02,23,West,2024-09
Desk,Furniture,154.96,304.03,16,Central,2024-09
Desk,Furniture,151.7,294.41,11,Northeast,2024-09
Webcam,Accessories,30.24,69.55,29,North,2024-09
Webcam,Accessories,29.81,66.39,46,South,2024-09
Webcam,Accessories,29.96,70.88,26,East,2024-09
Webcam,Accessories,29.6,68.68,52,West,2024-09
Webcam,Accessories,29.2,71.53,26,Central,2024-09
Webcam,Accessories,29.57,67.56,30,Northeast,2024-09
Router,Networking,43.76,94.86,31,North,2024-09
Router,Networking,44.0,104.43,27,South,2024-09
Router,Networking,45.17,98.37,37,East,2024-09
Router,Networking,46.77,98.98,38,West,2024-09
Router,Networking,45.25,105.06,29,Central,2024-09
Router,Networking,45.44,101.91,18,Northeast,2024-09
SSD,Components,54.88,132.25,34,North,2024-09
SSD,Components,55.87,126.5,54,South,2024-09
SSD,Components,56.69,137.28,27,East,2024-09
SSD,Components,55.99,124.33,48,West,2024-09
SSD,Components,57.03,126.48,36,Central,2024-09
SSD,Components,55.19,125.13,27,Northeast,2024-09
Keyboard Pro,Accessories,55.13,113.46,26,North,2024-09
Keyboard Pro,Accessories,55.58,119.08,30,South,2024-09
Keyboard Pro,Accessories,56.97,120.11,22,East,2024-09
Keyboard Pro,Accessories,55.28,116.2,34,West,2024-09
Keyboard Pro,Accessories,54.41,123.09,28,Central,2024-09
Keyboard Pro,Accessories,54.9,118.72,15,Northeast,2024-09
Projector,Office,258.41,517.21,14,North,2024-09
Projector,Office,255.45,510.94,13,South,2024-09
Projector,Office,242.69,474.42,8,East,2024-09
Projector,Office,249.94,522.74,13,West,2024-09
Projector,Office,247.78,493.69,9,Central,2024-09
Projector,Office,256.07,478.2,7,Northeast,2024-09
Smartwatch,Electronics,88.09,228.07,25,North,2024-09
Smartwatch,Electronics,89.06,207.41,33,South,2024-09
Smartwatch,Electronics,92.18,213.97,27,East,2024-09
Smartwatch,Electronics,88.8,214.55,33,West,2024-09
Smartwatch,Electronics,88.84,218.24,31,Central,2024-09
Smartwatch,Electronics,90.79,220.51,16,Northeast,2024-09
Speaker,Accessories,44.79,108.52,27,North,2024-09
Speaker,Accessories,44.72,111.36,29,South,2024-09
Speaker,Accessories,46.8,108.6,26,East,2024-09
Speaker,Accessories,44.5,109.24,46,West,2024-09
Speaker,Accessories,45.25,106.32,46,Central,2024-09
Speaker,Accessories,44.56,109.98,29,Northeast,2024-09
Camera,Electronics,293.56,679.6,17,North,2024-09
Camera,Electronics,300.78,620.41,18,South,2024-09
Camera,Electronics,308.11,636.27,18,East,2024-09
Camera,Electronics,299.57,682.79,17,West,2024-09
Camera,Electronics,309.48,632.51,17,Central,2024-09
Camera,Electronics,301.18,627.86,15,Northeast,2024-09
Microphone,Accessories,70.99,164.95,24,North,2024-09
Microphone,Accessories,68.65,162.52,21,South,2024-09
Microphone,Accessories,68.82,162.53,23,East,2024-09
Microphone,Accessories,72.72,161.83,26,West,2024-09
Microphone,Accessories,71.74,161.83,23,Central,2024-09
Microphone,Accessories,71.53,154.77,12,Northeast,2024-09
Scanner,Office,88.83,198.18,13,North,2024-09
Scanner,Office,88.3,182.22,19,South,2024-09
Scanner,Office,87.36,183.97,13,East,2024-09
Scanner,Office,91.21,179.31,23,West,2024-09
Scanner,Office,92.8,185.83,18,Central,2024-09
Scanner,Office,88.61,189.2,17,Northeast,2024-09
Laptop,Electronics,515.58,780.55,27,North,2024-10
Laptop,Electronics,508.15,806.2,36,South,2024-10
Laptop,Electronics,510.53,811.09,25,East,2024-10
Laptop,Electronics,528.53,812.71,40,West,2024-10
Laptop,Electronics,532.57,768.42,34,Central,2024-10
Laptop,Electronics,523.76,793.13,17,Northeast,2024-10
Phone,Electronics,261.42,438.25,43,North,2024-10
Phone,Electronics,267.49,469.33,54,South,2024-10
Phone,Electronics,260.11,471.46,32,East,2024-10
Phone,Electronics,267.7,421.19,39,West,2024-10
Phone,Electronics,268.5,458.35,36,Central,2024-10
Phone,Electronics,254.94,467.64,27,Northeast,2024-10
Tablet,Electronics,177.49,307.12,38,North,2024-10
Tablet,Electronics,179.91,319.33,36,South,2024-10
Tablet,Electronics,181.52,314.39,29,East,2024-10
Tablet,Electronics,176.63,284.79,40,West,2024-10
Tablet,Electronics,182.46,323.02,29,Central,2024-10
Tablet,Electronics,178.93,303.37,24,Northeast,2024-10
Headphones,Accessories,35.15,74.87,39,North,2024-10
Headphones,Accessories,35.37,72.37,55,South,2024-10
Headphones,Accessories,35.87,75.33,41,East,2024-10
Headphones,Accessories,35.81,69.8,61,West,2024-10
Headphones,Accessories,35.64,76.54,52,Central,2024-10
Headphones,Accessories,34.67,75.42,42,Northeast,2024-10
Monitor,Electronics,140.8,236.38,34,North,2024-10
Monitor,Electronics,144.97,256.96,22,South,2024-10
Monitor,Electronics,136.33,256.85,23,East,2024-10
Monitor,Electronics,141.23,242.77,35,West,2024-10
Monitor,Electronics,144.78,243.36,23,Central,2024-10
Monitor,Electronics,140.7,254.76,10,Northeast,2024-10
Keyboard,Accessories,25.34,52.17,45,North,2024-10
Keyboard,Accessories,25.71,54.94,57,South,2024-10
Keyboard,Accessories,25.4,54.53,27,East,2024-10
Keyboard,Accessories,24.26,49.62,54,West,2024-10
Keyboard,Accessories,25.98,51.87,60,Central,2024-10
Keyboard,Accessories,25.53,52.75,30,Northeast,2024-10
Mouse,Accessories,12.24,27.21,59,North,2024-10
Mouse,Accessories,11.68,26.68,59,South,2024-10
Mouse,Accessories,12.19,28.87,45,East,2024-10
Mouse,Accessories,12.37,28.58,79,West,2024-10
Mouse,Accessories,11.74,29.51,50,Central,2024-10
Mouse,Accessories,11.78,28.51,33,Northeast,2024-10
Printer,Office,107.1,187.81,33,North,2024-10
Printer,Office,108.59,190.69,26,South,2024-10
Printer,Office,108.95,192.84,15,East,2024-10
Printer,Office,107.49,197.98,28,West,2024-10
Printer,Office,108.19,186.86,21,Central,2024-10
Printer,Office,109.82,210.41,18,Northeast,2024-10
Chair,Furniture,85.05,162.17,22,North,2024-10
Chair,Furniture,84.0,166.47,23,South,2024-10
Chair,Furniture,83.06,169.77,22,East,2024-10
Chair,Furniture,87.23,161.25,28,West,2024-10
Chair,Furniture,86.32,168.0,22,Central,2024-10
Chair,Furniture,82.75,179.31,12,Northeast,2024-10
Desk,Furniture,155.54,302.23,21,North,2024-10
Desk,Furniture,153.06,298.3,14,South,2024-10
Desk,Furniture,155.85,300.07,13,East,2024-10
Desk,Furniture,151.33,279.49,19,West,2024-10
Desk,Furniture,154.56,281.29,20,Central,2024-10
Desk,Furniture,148.03,299.82,9,Northeast,2024-10
Webcam,Accessories,30.62,68.11,34,North,2024-10
Webcam,Accessories,29.72,70.39,34,South,2024-10
Webcam,Accessories,29.83,65.56,37,East,2024-10
Webcam,Accessories,31.03,64.45,47,West,2024-10
Webcam,Accessories,30.91,64.4,25,Central,2024-10
Webcam,Accessories,31.03,64.76,28,Northeast,2024-10
Router,Networking,44.43,100.56,26,North,2024-10
Router,Networking,45.75,100.38,44,South,2024-10
Router,Networking,46.39,91.46,35,East,2024-10
Router,Networking,46.01,92.31,49,West,2024-10
Router,Networking,45.72,102.35,36,Central,2024-10
Router,Networking,44.96,101.54,22,Northeast,2024-10
SSD,Components,53.9,123.61,57,North,2024-10
SSD,Components,54.57,131.7,48,South,2024-10
SSD,Components,54.18,122.82,45,East,2024-10
SSD,Components,54.08,130.01,44,West,2024-10
SSD,Components,55.1,116.31,61,Central,2024-10
SSD,Components,55.14,126.8,29,Northeast,2024-10
Keyboard Pro,Accessories,56.0,111.38,25,North,2024-10
Keyboard Pro,Accessories,56.16,110.68,33,South,2024-10
Keyboard Pro,Accessories,54.38,113.63,31,East,2024-10
Keyboard Pro,Accessories,55.15,112.47,30,West,2024-10
Keyboard Pro,Accessories,56.37,113.53,33,Central,2024-10
Keyboard Pro,Accessories,54.99,115.54,25,Northeast,2024-10
Projector,Office,259.02,489.78,10,North,2024-10
Projector,Office,255.43,507.88,27,South,2024-10
Projector,Office,251.9,494.2,13,East,2024-10
Projector,Office,245.55,491.78,27,West,2024-10
Projector,Office,245.86,465.68,9,Central,2024-10
Projector,Office,255.45,446.31,16,Northeast,2024-10
Smartwatch,Electronics,91.29,206.33,26,North,2024-10
Smartwatch,Electronics,90.14,198.12,17,South,2024-10
Smartwatch,Electronics,92.87,205.67,22,East,2024-10
Smartwatch,Electronics,91.48,214.89,32,West,2024-10
Smartwatch,Electronics,93.38,216.9,28,Central,2024-10
Smartwatch,Electronics,90.49,200.78,17,Northeast,2024-10
Speaker,Accessories,44.18,109.4,35,North,2024-10
Speaker,Accessories,45.34,104.1,45,South,2024-10
Speaker,Accessories,44.2,103.69,30,East,2024-10
Speaker,Accessories,44.44,106.11,47,West,2024-10
Speaker,Accessories,44.61,105.5,47,Central,2024-10
Speaker,Accessories,44.74,110.06,24,Northeast,2024-10
Camera,Electronics,311.2,595.07,20,North,2024-10
Camera,Electronics,297.09,633.48,23,South,2024-10
Camera,Electronics,298.35,591.56,13,East,2024-10
Camera,Electronics,297.99,644.34,24,West,2024-10
Camera,Electronics,293.13,650.57,15,Central,2024-10
Camera,Electronics,309.46,586.82,10,Northeast,2024-10
Microphone,Accessories,69.5,157.11,25,North,2024-10
Microphone,Accessories,69.78,160.21,23,South,2024-10
Microphone,Accessories,70.69,162.03,17,East,2024-10
Microphone,Accessories,71.78,154.98,30,West,2024-10
Microphone,Accessories,72.38,156.18,23,Central,2024-10
Microphone,Accessories,68.23,153.44,18,Northeast,2024-10
Scanner,Office,90.0,173.77,22,North,2024-10
Scanner,Office,91.41,184.53,22,South,2024-10
Scanner,Office,91.12,184.9,8,East,2024-10
Scanner,Office,91.17,179.86,26,West,2024-10
Scanner,Office,89.95,170.63,16,Central,2024-10
Scanner,Office,91.51,168.83,12,Northeast,2024-10
Laptop,Electronics,518.65,774.78,31,North,2024-11
Laptop,Electronics,507.36,793.29,36,South,2024-11
Laptop,Electronics,525.9,850.6,24,East,2024-11
Laptop,Electronics,533.5,807.17,31,West,2024-11
Laptop,Electronics,523.63,783.55,27,Central,2024-11
Laptop,Electronics,536.86,822.52,25,Northeast,2024-11
Phone,Electronics,258.78,477.94,44,North,2024-11
Phone,Electronics,262.72,473.01,56,South,2024-11
Phone,Electronics,255.35,477.31,41,East,2024-11
Phone,Electronics,255.75,422.32,64,West,2024-11
Phone,Electronics,265.84,472.99,42,Central,2024-11
Phone,Electronics,253.18,493.64,37,Northeast,2024-11
Tablet,Electronics,181.36,295.81,36,North,2024-11
Tablet,Electronics,182.36,310.87,46,South,2024-11
Tablet,Electronics,175.91,328.78,24,East,2024-11
Tablet,Electronics,175.86,317.34,49,West,2024-11
Tablet,Electronics,184.69,298.37,48,Central,2024-11
Tablet,Electronics,178.36,308.29,23,Northeast,2024-11
Headphones,Accessories,34.33,75.38,70,North,2024-11
Headphones,Accessories,34.88,75.35,66,South,2024-11
Headphones,Accessories,35.62,76.33,34,East,2024-11
Headphones,Accessories,36.32,78.15,70,West,2024-11
Headphones,Accessories,34.3,68.89,62,Central,2024-11
Headphones,Accessories,36.18,66.35,46,Northeast,2024-11
Monitor,Electronics,139.25,247.14,34,North,2024-11
Monitor,Electronics,140.96,256.66,28,South,2024-11
Monitor,Electronics,142.89,256.61,32,East,2024-11
Monitor,Electronics,143.78,262.8,41,West,2024-11
Monitor,Electronics,137.1,262.27,22,Central,2024-11
Monitor,Electronics,144.69,253.66,24,Northeast,2024-11
Keyboard,Accessories,25.58,52.6,50,North,2024-11
Keyboard,Accessories,25.7,54.93,39,South,2024-11
Keyboard,Accessories,25.44,51.48,49,East,2024-11
Keyboard,Accessories,24.6,53.98,55,West,2024-11
Keyboard,Accessories,25.51,55.21,41,Central,2024-11
Keyboard,Accessories,24.68,51.23,38,Northeast,2024-11
Mouse,Accessories,11.92,29.02,62,North,2024-11
Mouse,Accessories,12.07,28.05,70,South,2024-11
Mouse,Accessories,11.87,28.08,57,East,2024-11
Mouse,Accessories,11.82,30.98,55,West,2024-11
Mouse,Accessories,11.66,31.2,51,Central,2024-11
Mouse,Accessories,12.07,30.06,43,Northeast,2024-11
Printer,Office,111.67,198.07,29,North,2024-11
Printer,Office,112.21,201.57,22,South,2024-11
Printer,Office,107.62,202.22,17,East,2024-11
Printer,Office,108.06,202.41,35,West,2024-11
Printer,Office,112.75,193.64,41,Central,2024-11
Printer,Office,107.92,187.67,26,Northeast,2024-11
Chair,Furniture,85.53,183.48,26,North,2024-11
Chair,Furniture,87.45,174.27,25,South,2024-11
Chair,Furniture,83.27,174.4,24,East,2024-11
Chair,Furniture,86.16,182.24,22,West,2024-11
Chair,Furniture,85.6,177.86,19,Central,2024-11
Chair,Furniture,87.07,178.02,21,Northeast,2024-11
Desk,Furniture,153.34,278.02,17,North,2024-11
Desk,Furniture,154.08,282.09,29,South,2024-11
Desk,Furniture,148.75,300.21,13,East,2024-11
Desk,Furniture,149.63,285.11,26,West,2024-11
Desk,Furniture,147.05,296.4,24,Central,2024-11
Desk,Furniture,152.51,272.1,13,Northeast,2024-11
Webcam,Accessories,30.06,65.78,28,North,2024-11
Webcam,Accessories,29.26,68.53,51,South,2024-11
Webcam,Accessories,30.14,61.92,38,East,2024-11
Webcam,Accessories,29.7,66.22,56,West,2024-11
Webcam,Accessories,30.22,64.4,41,Central,2024-11
Webcam,Accessories,30.5,64.55,33,Northeast,2024-11
Router,Networking,45.75,98.75,35,North,2024-11
Router,Networking,45.17,97.26,34,South,2024-11
Router,Networking,45.45,103.92,30,East,2024-11
Router,Networking,46.23,101.89,44,West,2024-11
Router,Networking,43.84,94.72,42,Central,2024-11
Router,Networking,46.35,101.85,31,Northeast,2024-11
SSD,Components,53.81,118.39,36,North,2024-11
SSD,Components,57.0,131.62,58,South,2024-11
SSD,Components,56.91,116.72,38,East,2024-11
SSD,Components,53.43,121.23,73,West,2024-11
SSD,Components,55.1,120.05,49,Central,2024-11
SSD,Components,55.28,117.02,37,Northeast,2024-11
Keyboard Pro,Accessories,53.46,117.96,17,North,2024-11
Keyboard Pro,Accessories,56.76,118.41,39,South,2024-11
Keyboard Pro,Accessories,54.63,109.74,39,East,2024-11
Keyboard Pro,Accessories,53.88,109.94,55,West,2024-11
Keyboard Pro,Accessories,56.47,106.32,38,Central,2024-11
Keyboard Pro,Accessories,56.65,110.18,21,Northeast,2024-11
Projector,Office,244.18,471.58,22,North,2024-11
Projector,Office,255.26,460.71,12,South,2024-11
Projector,Office,259.52,489.95,14,East,2024-11
Projector,Office,244.94,486.33,22,West,2024-11
Projector,Office,250.02,510.33,11,Central,2024-11
Projector,Office,249.2,473.17,12,Northeast,2024-11
Smartwatch,Electronics,92.74,203.53,33,North,2024-11
Smartwatch,Electronics,89.3,201.57,37,South,2024-11
Smartwatch,Electronics,89.11,207.0,34,East,2024-11
Smartwatch,Electronics,88.86,203.01,61,West,2024-11
Smartwatch,Electronics,88.49,202.47,31,Central,2024-11
Smartwatch,Electronics,91.4,216.26,29,Northeast,2024-11
Speaker,Accessories,46.18,112.52,45,North,2024-11
Speaker,Accessories,43.96,102.35,51,South,2024-11
Speaker,Accessories,45.82,101.99,42,East,2024-11
Speaker,Accessories,45.7,109.1,55,West,2024-11
Speaker,Accessories,46.74,104.93,45,Central,2024-11
Speaker,Accessories,46.77,104.2,37,Northeast,2024-11
Camera,Electronics,291.77,611.72,21,North,2024-11
Camera,Electronics,306.29,624.04,27,South,2024-11
Camera,Electronics,308.64,637.59,12,East,2024-11
Camera,Electronics,299.73,605.2,31,West,2024-11
Camera,Electronics,301.62,640.01,21,Central,2024-11
Camera,Electronics,305.22,587.25,15,Northeast,2024-11
Microphone,Accessories,68.06,148.1,32,North,2024-11
Microphone,Accessories,68.66,152.97,31,South,2024-11
Microphone,Accessories,70.08,147.4,20,East,2024-11
Microphone,Accessories,68.46,147.16,35,West,2024-11
Microphone,Accessories,72.35,152.09,28,Central,2024-11
Microphone,Accessories,68.27,147.17,20,Northeast,2024-11
Scanner,Office,91.33,190.58,14,North,2024-11
Scanner,Office,87.87,184.86,25,South,2024-11
Scanner,Office,90.01,186.19,16,East,2024-11
Scanner,Office,88.0,193.39,23,West,2024-11
Scanner,Office,87.64,186.51,24,Central,2024-11
Scanner,Office,92.35,184.76,5,Northeast,2024-11
Laptop,Electronics,526.01,798.06,16,North,2024-12
Laptop,Electronics,528.29,823.06,44,South,2024-12
Laptop,Electronics,518.58,830.22,32,East,2024-12
Laptop,Electronics,536.82,852.97,33,West,2024-12
Laptop,Electronics,514.55,853.45,51,Central,2024-12
Laptop,Electronics,510.29,817.05,29,Northeast,2024-12
Phone,Electronics,258.56,481.75,52,North,2024-12
Phone,Electronics,254.98,493.49,57,South,2024-12
Phone,Electronics,261.1,468.51,46,East,2024-12
Phone,Electronics,254.2,464.45,65,West,2024-12
Phone,Electronics,259.54,482.33,44,Central,2024-12
Phone,Electronics,260.74,486.38,40,Northeast,2024-12
Tablet,Electronics,176.5,301.42,40,North,2024-12
Tablet,Electronics,183.76,321.16,43,South,2024-12
Tablet,Electronics,184.22,325.56,32,East,2024-12
Tablet,Electronics,186.48,303.9,51,West,2024-12
Tablet,Electronics,181.15,304.23,34,Central,2024-12
Tablet,Electronics,177.19,300.73,32,Northeast,2024-12
Headphones,Accessories,36.33,73.18,66,North,2024-12
Headphones,Accessories,36.1,68.56,71,South,2024-12
Headphones,Accessories,35.56,75.49,59,East,2024-12
Headphones,Accessories,34.26,74.21,64,West,2024-12
Headphones,Accessories,35.42,68.82,76,Central,2024-12
Headphones,Accessories,35.94,69.27,41,Northeast,2024-12
Monitor,Electronics,137.71,235.06,30,North,2024-12
Monitor,Electronics,143.23,233.71,40,South,2024-12
Monitor,Electronics,140.21,245.26,25,East,2024-12
Monitor,Electronics,140.97,252.78,44,West,2024-12
Monitor,Electronics,136.92,229.95,36,Central,2024-12
Monitor,Electronics,140.13,237.39,28,Northeast,2024-12
Keyboard,Accessories,25.75,52.23,56,North,2024-12
Keyboard,Accessories,25.67,56.57,50,South,2024-12
Keyboard,Accessories,25.45,53.9,53,East,2024-12
Keyboard,Accessories,24.73,51.41,74,West,2024-12
Keyboard,Accessories,25.14,53.36,61,Central,2024-12
Keyboard,Accessories,24.72,55.04,39,Northeast,2024-12
Mouse,Accessories,12.44,28.35,78,North,2024-12
Mouse,Accessories,12.12,30.07,60,South,2024-12
Mouse,Accessories,11.85,29.66,54,East,2024-12
Mouse,Accessories,12.26,29.34,74,West,2024-12
Mouse,Accessories,11.86,27.98,76,Central,2024-12
Mouse,Accessories,11.65,28.23,49,Northeast,2024-12
Printer,Office,113.74,199.63,25,North,2024-12
Printer,Office,107.01,214.33,41,South,2024-12
Printer,Office,112.76,204.71,18,East,2024-12
Printer,Office,110.31,203.15,39,West,2024-12
Printer,Office,114.16,192.21,30,Central,2024-12
Printer,Office,114.4,192.9,19,Northeast,2024-12
Chair,Furniture,84.08,168.56,14,North,2024-12
Chair,Furniture,85.94,162.08,30,South,2024-12
Chair,Furniture,87.94,178.07,21,East,2024-12
Chair,Furniture,85.78,174.75,34,West,2024-12
Chair,Furniture,87.45,177.41,16,Central,2024-12
Chair,Furniture,83.31,174.1,24,Northeast,2024-12
Desk,Furniture,146.74,283.72,31,North,2024-12
Desk,Furniture,150.77,295.96,26,South,2024-12
Desk,Furniture,150.05,294.97,20,East,2024-12
Desk,Furniture,155.58,305.6,29,West,2024-12
Desk,Furniture,150.53,290.65,18,Central,2024-12
Desk,Furniture,150.89,311.05,11,Northeast,2024-12
Webcam,Accessories,31.2,67.94,43,North,2024-12
Webcam,Accessories,29.93,63.66,52,South,2024-12
Webcam,Accessories,30.92,67.37,36,East,2024-12
Webcam,Accessories,29.64,64.1,62,West,2024-12
Webcam,Accessories,29.97,69.45,55,Central,2024-12
Webcam,Accessories,29.67,66.58,38,Northeast,2024-12
Router,Networking,45.78,93.72,46,North,2024-12
Router,Networking,45.86,91.07,60,South,2024-12
Router,Networking,44.3,92.31,38,East,2024-12
Router,Networking,43.73,88.95,73,West,2024-12
Router,Networking,45.76,100.84,43,Central,2024-12
Router,Networking,46.67,95.17,38,Northeast,2024-12
SSD,Components,53.87,125.22,60,North,2024-12
SSD,Components,55.19,130.48,49,South,2024-12
SSD,Components,55.31,121.44,47,East,2024-12
SSD,Components,56.78,118.89,73,West,2024-12
SSD,Components,54.21,128.76,49,Central,2024-12
SSD,Components,55.18,131.05,36,Northeast,2024-12
Keyboard Pro,Accessories,55.11,123.02,30,North,2024-12
Keyboard Pro,Accessories,55.49,111.52,38,South,2024-12
Keyboard Pro,Accessories,55.12,118.95,31,East,2024-12
Keyboard Pro,Accessories,53.96,116.4,37,West,2024-12
Keyboard Pro,Accessories,55.76,113.51,46,Central,2024-12
Keyboard Pro,Accessories,55.08,120.85,24,Northeast,2024-12
Projector,Office,249.92,464.29,18,North,2024-12
Projector,Office,252.61,474.4,27,South,2024-12
Projector,Office,244.22,509.65,30,East,2024-12
Projector,Office,248.31,494.46,24,West,2024-12
Projector,Office,244.16,440.72,15,Central,2024-12
Projector,Office,254.61,480.15,14,Northeast,2024-12
Smartwatch,Electronics,89.91,224.04,31,North,2024-12
Smartwatch,Electronics,91.57,218.98,38,South,2024-12
Smartwatch,Electronics,92.46,219.28,31,East,2024-12
Smartwatch,Electronics,93.46,212.83,48,West,2024-12
Smartwatch,Electronics,89.54,209.16,45,Central,2024-12
Smartwatch,Electronics,87.68,209.79,31,Northeast,2024-12
Speaker,Accessories,46.04,106.44,56,North,2024-12
Speaker,Accessories,45.48,104.79,59,South,2024-12
Speaker,Accessories,45.4,106.94,35,East,2024-12
Speaker,Accessories,44.85,107.63,70,West,2024-12
Speaker,Accessories,44.99,108.91,56,Central,2024-12
Speaker,Accessories,43.98,101.84,38,Northeast,2024-12
Camera,Electronics,293.59,621.77,32,North,2024-12
Camera,Electronics,302.72,591.8,30,South,2024-12
Camera,Electronics,296.41,628.16,15,East,2024-12
Camera,Electronics,309.81,653.36,30,West,2024-12
Camera,Electronics,295.66,614.99,23,Central,2024-12
Camera,Electronics,298.79,678.34,18,Northeast,2024-12
Microphone,Accessories,69.04,145.46,29,North,2024-12
Microphone,Accessories,72.34,143.87,27,South,2024-12
Microphone,Accessories,70.44,152.72,28,East,2024-12
Microphone,Accessories,69.62,154.24,31,West,2024-12
Microphone,Accessories,71.22,143.31,25,Central,2024-12
Microphone,Accessories,71.83,155.41,21,Northeast,2024-12
Scanner,Office,91.22,186.26,19,North,2024-12
Scanner,Office,88.08,172.25,37,South,2024-12
Scanner,Office,89.57,189.79,20,East,2024-12
Scanner,Office,92.45,178.15,33,West,2024-12
Scanner,Office,92.01,191.5,24,Central,2024-12
Scanner,Office,92.88,190.58,14,Northeast,2024-12
Laptop,Electronics,526.04,827.59,20,North,2025-01
Laptop,Electronics,510.55,833.05,20,South,2025-01
Laptop,Electronics,529.77,857.54,20,East,2025-01
Laptop,Electronics,524.91,891.37,15,West,2025-01
Laptop,Electronics,522.38,871.24,21,Central,2025-01
Laptop,Electronics,532.57,838.03,18,Northeast,2025-01
Phone,Electronics,268.4,492.4,21,North,2025-01
Phone,Electronics,260.89,492.49,29,South,2025-01
Phone,Electronics,268.75,472.21,25,East,2025-01
Phone,Electronics,259.41,484.4,27,West,2025-01
Phone,Electronics,255.35,482.18,32,Central,2025-01
Phone,Electronics,258.78,495.76,22,Northeast,2025-01
Tablet,Electronics,177.08,332.32,19,North,2025-01
Tablet,Electronics,182.53,312.97,29,South,2025-01
Tablet,Electronics,175.33,301.0,16,East,2025-01
Tablet,Electronics,181.13,335.63,32,West,2025-01
Tablet,Electronics,179.53,329.02,25,Central,2025-01
Tablet,Electronics,180.33,334.98,21,Northeast,2025-01
Headphones,Accessories,35.24,70.51,37,North,2025-01
Headphones,Accessories,35.31,70.74,42,South,2025-01
Headphones,Accessories,35.23,71.4,37,East,2025-01
Headphones,Accessories,36.15,76.01,38,West,2025-01
Headphones,Accessories,35.48,71.99,31,Central,2025-01
Headphones,Accessories,36.22,78.48,28,Northeast,2025-01
Monitor,Electronics,138.07,247.06,19,North,2025-01
Monitor,Electronics,138.66,260.31,20,South,2025-01
Monitor,Electronics,139.55,248.3,24,East,2025-01
Monitor,Electronics,139.79,262.62,18,West,2025-01
Monitor,Electronics,136.41,252.93,19,Central,2025-01
Monitor,Electronics,145.08,266.85,13,Northeast,2025-01
Keyboard,Accessories,24.63,56.09,27,North,2025-01
Keyboard,Accessories,25.06,56.96,40,South,2025-01
Keyboard,Accessories,24.61,56.95,29,East,2025-01
Keyboard,Accessories,24.73,56.62,31,West,2025-01
Keyboard,Accessories,25.25,54.87,36,Central,2025-01
Keyboard,Accessories,24.84,54.86,19,Northeast,2025-01
Mouse,Accessories,11.86,29.42,41,North,2025-01
Mouse,Accessories,11.68,29.17,49,South,2025-01
Mouse,Accessories,11.76,29.41,50,East,2025-01
Mouse,Accessories,12.09,30.64,44,West,2025-01
Mouse,Accessories,12.19,29.03,40,Central,2025-01
Mouse,Accessories,12.37,31.64,24,Northeast,2025-01
Printer,Office,109.05,218.85,15,North,2025-01
Printer,Office,109.95,200.69,17,South,2025-01
Printer,Office,108.49,200.83,18,East,2025-01
Printer,Office,112.19,208.03,24,West,2025-01
Printer,Office,112.27,218.87,14,Central,2025-01
Printer,Office,111.33,215.75,12,Northeast,2025-01
Chair,Furniture,85.89,190.78,9,North,2025-01
Chair,Furniture,85.12,181.87,17,South,2025-01
Chair,Furniture,84.93,189.33,14,East,2025-01
Chair,Furniture,82.58,180.75,18,West,2025-01
Chair,Furniture,86.31,185.09,13,Central,2025-01
Chair,Furniture,88.24,171.69,17,Northeast,2025-01
Desk,Furniture,150.08,291.32,15,North,2025-01
Desk,Furniture,149.73,284.42,12,South,2025-01
Desk,Furniture,152.42,287.87,12,East,2025-01
Desk,Furniture,150.67,301.94,17,West,2025-01
Desk,Furniture,149.11,295.47,14,Central,2025-01
Desk,Furniture,145.93,301.58,11,Northeast,2025-01
Webcam,Accessories,29.52,67.6,29,North,2025-01
Webcam,Accessories,29.32,71.34,27,South,2025-01
Webcam,Accessories,29.89,67.45,27,East,2025-01
Webcam,Accessories,30.41,68.86,34,West,2025-01
Webcam,Accessories,29.71,70.58,36,Central,2025-01
Webcam,Accessories,30.36,72.41,20,Northeast,2025-01
Router,Networking,45.57,104.24,24,North,2025-01
Router,Networking,46.51,99.38,33,South,2025-01
Router,Networking,46.25,104.61,22,East,2025-01
Router,Networking,43.82,100.75,28,West,2025-01
Router,Networking,44.78,104.95,28,Central,2025-01
Router,Networking,45.72,98.71,21,Northeast,2025-01
SSD,Components,53.68,133.41,23,North,2025-01
SSD,Components,56.87,136.75,38,South,2025-01
SSD,Components,54.07,131.16,25,East,2025-01
SSD,Components,53.91,135.13,40,West,2025-01
SSD,Components,55.83,136.36,29,Central,2025-01
SSD,Components,55.19,135.91,22,Northeast,2025-01
Keyboard Pro,Accessories,56.38,113.85,16,North,2025-01
Keyboard Pro,Accessories,54.43,118.37,23,South,2025-01
Keyboard Pro,Accessories,54.01,117.28,19,East,2025-01
Keyboard Pro,Accessories,53.49,113.48,27,West,2025-01
Keyboard Pro,Accessories,54.69,123.32,18,Central,2025-01
Keyboard Pro,Accessories,56.76,115.85,15,Northeast,2025-01
Projector,Office,258.28,493.34,13,North,2025-01
Projector,Office,258.28,477.93,14,South,2025-01
Projector,Office,243.45,522.68,6,East,2025-01
Projector,Office,259.18,479.46,15,West,2025-01
Projector,Office,254.9,493.06,7,Central,2025-01
Projector,Office,250.88,509.35,10,Northeast,2025-01
Smartwatch,Electronics,92.48,220.96,23,North,2025-01
Smartwatch,Electronics,93.33,208.89,26,South,2025-01
Smartwatch,Electronics,89.69,216.21,30,East,2025-01
Smartwatch,Electronics,92.27,209.94,30,West,2025-01
Smartwatch,Electronics,88.71,207.71,21,Central,2025-01
Smartwatch,Electronics,91.95,212.5,16,Northeast,2025-01
Speaker,Accessories,46.07,116.6,27,North,2025-01
Speaker,Accessories,45.27,107.64,34,South,2025-01
Speaker,Accessories,45.46,116.06,25,East,2025-01
Speaker,Accessories,45.97,113.5,25,West,2025-01
Speaker,Accessories,46.28,112.09,24,Central,2025-01
Speaker,Accessories,43.95,109.49,14,Northeast,2025-01
Camera,Electronics,301.42,633.05,16,North,2025-01
Camera,Electronics,294.39,688.43,18,South,2025-01
Camera,Electronics,293.82,666.81,6,East,2025-01
Camera,Electronics,310.24,628.45,20,West,2025-01
Camera,Electronics,304.73,614.77,16,Central,2025-01
Camera,Electronics,301.27,647.87,12,Northeast,2025-01
Microphone,Accessories,72.57,167.8,12,North,2025-01
Microphone,Accessories,68.77,161.88,24,South,2025-01
Microphone,Accessories,69.8,159.25,16,East,2025-01
Microphone,Accessories,69.98,155.67,30,West,2025-01
Microphone,Accessories,70.6,167.99,20,Central,2025-01
Microphone,Accessories,69.2,165.58,15,Northeast,2025-01
Scanner,Office,91.47,190.05,16,North,2025-01
Scanner,Office,90.65,188.72,20,South,2025-01
Scanner,Office,91.1,191.91,12,East,2025-01
Scanner,Office,91.81,194.52,16,West,2025-01
Scanner,Office,89.58,193.93,12,Central,2025-01
Scanner,Office,88.49,182.4,13,Northeast,2025-01
Laptop,Electronics,508.44,816.58,14,North,2025-02
Laptop,Electronics,516.54,803.65,39,South,2025-02
Laptop,Electronics,509.11,882.91,16,East,2025-02
Laptop,Electronics,524.45,898.56,21,West,2025-02
Laptop,Electronics,508.49,804.57,26,Central,2025-02
Laptop,Electronics,529.26,821.56,23,Northeast,2025-02
Phone,Electronics,267.75,469.72,28,North,2025-02
Phone,Electronics,257.58,476.54,43,South,2025-02
Phone,Electronics,268.69,487.71,38,East,2025-02
Phone,Electronics,252.36,471.89,19,West,2025-02
Phone,Electronics,256.91,472.34,39,Central,2025-02
Phone,Electronics,262.29,496.74,20,Northeast,2025-02
Tablet,Electronics,182.39,339.11,21,North,2025-02
Tablet,Electronics,184.95,335.58,31,South,2025-02
Tablet,Electronics,178.37,334.9,23,East,2025-02
Tablet,Electronics,187.18,323.84,31,West,2025-02
Tablet,Electronics,184.41,338.65,14,Central,2025-02
Tablet,Electronics,184.28,335.23,20,Northeast,2025-02
Headphones,Accessories,34.94,74.24,44,North,2025-02
Headphones,Accessories,35.73,76.66,50,South,2025-02
Headphones,Accessories,34.21,77.18,25,East,2025-02
Headphones,Accessories,36.27,71.0,61,West,2025-02
Headphones,Accessories,35.2,78.04,41,Central,2025-02
Headphones,Accessories,34.24,75.69,39,Northeast,2025-02
Monitor,Electronics,136.1,256.04,28,North,2025-02
Monitor,Electronics,142.6,266.39,18,South,2025-02
Monitor,Electronics,138.91,256.41,14,East,2025-02
Monitor,Electronics,137.9,245.67,31,West,2025-02
Monitor,Electronics,139.94,261.59,29,Central,2025-02
Monitor,Electronics,143.36,258.47,13,Northeast,2025-02
Keyboard,Accessories,25.99,55.08,31,North,2025-02
Keyboard,Accessories,24.71,55.19,40,South,2025-02
Keyboard,Accessories,24.29,57.31,34,East,2025-02
Keyboard,Accessories,24.9,56.14,37,West,2025-02
Keyboard,Accessories,24.96,54.5,29,Central,2025-02
Keyboard,Accessories,24.81,55.56,29,Northeast,2025-02
Mouse,Accessories,11.77,30.28,40,North,2025-02
Mouse,Accessories,12.0,30.51,45,South,2025-02
Mouse,Accessories,11.95,29.87,39,East,2025-02
Mouse,Accessories,12.0,31.01,42,West,2025-02
Mouse,Accessories,12.09,28.36,52,Central,2025-02
Mouse,Accessories,11.8,29.78,37,Northeast,2025-02
Printer,Office,113.3,207.46,16,North,2025-02
Printer,Office,111.32,204.1,14,South,2025-02
Printer,Office,109.27,208.44,12,East,2025-02
Printer,Office,112.39,207.4,20,West,2025-02
Printer,Office,110.61,208.5,17,Central,2025-02
Printer,Office,112.76,220.35,13,Northeast,2025-02
Chair,Furniture,84.16,183.12,19,North,2025-02
Chair,Furniture,83.17,188.83,17,South,2025-02
Chair,Furniture,83.97,189.55,10,East,2025-02
Chair,Furniture,86.78,169.28,22,West,2025-02
Chair,Furniture,82.97,171.2,15,Central,2025-02
Chair,Furniture,83.65,188.07,12,Northeast,2025-02
Desk,Furniture,150.8,292.61,10,North,2025-02
Desk,Furniture,152.78,316.74,18,South,2025-02
Desk,Furniture,152.99,290.61,12,East,2025-02
Desk,Furniture,152.17,296.85,19,West,2025-02
Desk,Furniture,149.49,313.54,10,Central,2025-02
Desk,Furniture,149.22,310.95,7,Northeast,2025-02
Webcam,Accessories,30.57,70.75,24,North,2025-02
Webcam,Accessories,30.26,68.47,33,South,2025-02
Webcam,Accessories,29.77,70.66,20,East,2025-02
Webcam,Accessories,30.79,67.03,41,West,2025-02
Webcam,Accessories,30.37,71.62,26,Central,2025-02
Webcam,Accessories,30.66,71.84,18,Northeast,2025-02
Router,Networking,43.87,97.23,29,North,2025-02
Router,Networking,45.25,97.32,27,South,2025-02
Router,Networking,45.37,102.44,28,East,2025-02
Router,Networking,44.47,99.8,38,West,2025-02
Router,Networking,46.3,96.91,33,Central,2025-02
Router,Networking,44.05,94.47,21,Northeast,2025-02
SSD,Components,53.42,129.44,26,North,2025-02
SSD,Components,53.48,133.03,21,South,2025-02
SSD,Components,55.44,123.5,23,East,2025-02
SSD,Components,57.09,134.32,51,West,2025-02
SSD,Components,54.62,122.66,39,Central,2025-02
SSD,Components,54.5,127.81,20,Northeast,2025-02
Keyboard Pro,Accessories,55.41,122.29,29,North,2025-02
Keyboard Pro,Accessories,54.83,114.96,29,South,2025-02
Keyboard Pro,Accessories,57.04,113.87,18,East,2025-02
Keyboard Pro,Accessories,56.99,121.78,22,West,2025-02
Keyboard Pro,Accessories,55.31,124.74,16,Central,2025-02
Keyboard Pro,Accessories,56.82,125.38,15,Northeast,2025-02
Projector,Office,256.74,493.66,12,North,2025-02
Projector,Office,245.74,481.63,13,South,2025-02
Projector,Office,247.68,511.57,11,East,2025-02
Projector,Office,253.4,480.24,13,West,2025-02
Projector,Office,246.26,483.73,14,Central,2025-02
Projector,Office,254.54,491.76,11,Northeast,2025-02
Smartwatch,Electronics,89.57,224.7,19,North,2025-02
Smartwatch,Electronics,88.19,231.64,21,South,2025-02
Smartwatch,Electronics,88.31,225.55,25,East,2025-02
Smartwatch,Electronics,87.85,229.2,21,West,2025-02
Smartwatch,Electronics,92.21,207.17,25,Central,2025-02
Smartwatch,Electronics,93.14,230.46,25,Northeast,2025-02
Speaker,Accessories,45.42,114.72,39,North,2025-02
Speaker,Accessories,43.82,114.8,29,South,2025-02
Speaker,Accessories,44.38,109.72,38,East,2025-02
Speaker,Accessories,44.53,115.25,38,West,2025-02
Speaker,Accessories,46.3,114.16,33,Central,2025-02
Speaker,Accessories,43.66,108.17,18,Northeast,2025-02
Camera,Electronics,297.95,666.37,14,North,2025-02
Camera,Electronics,310.9,631.56,15,South,2025-02
Camera,Electronics,299.13,648.99,13,East,2025-02
Camera,Electronics,302.86,639.46,15,West,2025-02
Camera,Electronics,300.02,678.56,13,Central,2025-02
Camera,Electronics,294.58,676.29,19,Northeast,2025-02
Microphone,Accessories,70.57,154.87,13,North,2025-02
Microphone,Accessories,68.52,158.33,21,South,2025-02
Microphone,Accessories,72.73,159.02,16,East,2025-02
Microphone,Accessories,72.69,155.06,25,West,2025-02
Microphone,Accessories,68.52,161.49,14,Central,2025-02
Microphone,Accessories,69.56,152.36,7,Northeast,2025-02
Scanner,Office,87.58,201.18,17,North,2025-02
Scanner,Office,90.15,190.66,23,South,2025-02
Scanner,Office,92.02,182.7,15,East,2025-02
Scanner,Office,88.94,179.2,23,West,2025-02
Scanner,Office,89.16,192.33,17,Central,2025-02
Scanner,Office,90.97,199.98,13,Northeast,2025-02
Laptop,Electronics,533.53,891.09,26,North,2025-03
Laptop,Electronics,524.56,841.78,23,South,2025-03
Laptop,Electronics,514.72,825.45,18,East,2025-03
Laptop,Electronics,513.71,858.52,22,West,2025-03
Laptop,Electronics,523.07,808.46,25,Central,2025-03
Laptop,Electronics,527.11,889.34,12,Northeast,2025-03
Phone,Electronics,259.33,471.06,33,North,2025-03
Phone,Electronics,259.14,464.01,41,South,2025-03
Phone,Electronics,255.88,507.42,25,East,2025-03
Phone,Electronics,262.98,490.94,39,West,2025-03
Phone,Electronics,263.58,502.66,33,Central,2025-03
Phone,Electronics,256.83,473.77,28,Northeast,2025-03
Tablet,Electronics,179.63,302.1,37,North,2025-03
Tablet,Electronics,182.46,316.67,35,South,2025-03
Tablet,Electronics,176.04,333.44,22,East,2025-03
Tablet,Electronics,180.24,308.97,27,West,2025-03
Tablet,Electronics,177.87,338.47,26,Central,2025-03
Tablet,Electronics,179.61,315.03,17,Northeast,2025-03
Headphones,Accessories,35.0,79.15,39,North,2025-03
Headphones,Accessories,36.04,71.07,50,South,2025-03
Headphones,Accessories,34.71,77.81,39,East,2025-03
Headphones,Accessories,34.61,78.79,38,West,2025-03
Headphones,Accessories,36.28,71.97,47,Central,2025-03
Headphones,Accessories,36.21,72.38,33,Northeast,2025-03
Monitor,Electronics,144.87,247.84,22,North,2025-03
Monitor,Electronics,136.38,256.03,19,South,2025-03
Monitor,Electronics,139.63,246.68,10,East,2025-03
Monitor,Electronics,142.96,248.72,33,West,2025-03
Monitor,Electronics,143.32,250.66,19,Central,2025-03
Monitor,Electronics,139.39,262.1,9,Northeast,2025-03
Keyboard,Accessories,25.42,57.9,26,North,2025-03
Keyboard,Accessories,25.1,54.01,44,South,2025-03
Keyboard,Accessories,24.99,54.15,28,East,2025-03
Keyboard,Accessories,24.94,55.62,42,West,2025-03
Keyboard,Accessories,24.95,52.81,48,Central,2025-03
Keyboard,Accessories,25.55,53.35,38,Northeast,2025-03
Mouse,Accessories,12.22,28.23,43,North,2025-03
Mouse,Accessories,11.64,29.2,46,South,2025-03
Mouse,Accessories,11.82,29.62,38,East,2025-03
Mouse,Accessories,12.22,28.63,59,West,2025-03
Mouse,Accessories,12.39,31.69,37,Central,2025-03
Mouse,Accessories,11.81,29.31,33,Northeast,2025-03
Printer,Office,109.05,219.33,16,North,2025-03
Printer,Office,107.19,211.11,16,South,2025-03
Printer,Office,112.87,211.71,15,East,2025-03
Printer,Office,107.32,213.52,23,West,2025-03
Printer,Office,113.08,214.66,12,Central,2025-03
Printer,Office,107.96,215.88,13,Northeast,2025-03
Chair,Furniture,87.4,176.86,16,North,2025-03
Chair,Furniture,82.59,172.24,14,South,2025-03
Chair,Furniture,86.46,186.4,9,East,2025-03
Chair,Furniture,85.33,188.66,16,West,2025-03
Chair,Furniture,83.16,190.4,18,Central,2025-03
Chair,Furniture,84.96,171.73,13,Northeast,2025-03
Desk,Furniture,152.17,296.59,14,North,2025-03
Desk,Furniture,149.8,312.11,13,South,2025-03
Desk,Furniture,146.64,302.39,10,East,2025-03
Desk,Furniture,155.72,295.89,18,West,2025-03
Desk,Furniture,152.53,302.37,13,Central,2025-03
Desk,Furniture,146.14,307.25,18,Northeast,2025-03
Webcam,Accessories,30.84,66.55,43,North,2025-03
Webcam,Accessories,29.3,68.6,31,South,2025-03
Webcam,Accessories,31.13,71.31,24,East,2025-03
Webcam,Accessories,29.59,72.44,44,West,2025-03
Webcam,Accessories,30.75,72.21,29,Central,2025-03
Webcam,Accessories,29.46,73.68,25,Northeast,2025-03
Router,Networking,44.95,97.86,35,North,2025-03
Router,Networking,45.79,99.21,24,South,2025-03
Router,Networking,43.94,105.3,18,East,2025-03
Router,Networking,46.46,105.43,35,West,2025-03
Router,Networking,45.71,105.03,30,Central,2025-03
Router,Networking,45.24,101.84,19,Northeast,2025-03
SSD,Components,54.74,130.35,32,North,2025-03
SSD,Components,53.45,128.7,34,South,2025-03
SSD,Components,55.08,134.58,25,East,2025-03
SSD,Components,54.02,122.5,52,West,2025-03
SSD,Components,56.58,134.27,45,Central,2025-03
SSD,Components,56.08,134.67,22,Northeast,2025-03
Keyboard Pro,Accessories,55.38,121.51,23,North,2025-03
Keyboard Pro,Accessories,56.34,113.06,22,South,2025-03
Keyboard Pro,Accessories,54.43,122.61,21,East,2025-03
Keyboard Pro,Accessories,56.66,126.43,24,West,2025-03
Keyboard Pro,Accessories,57.05,120.01,23,Central,2025-03
Keyboard Pro,Accessories,53.98,126.17,17,Northeast,2025-03
Projector,Office,248.9,507.05,15,North,2025-03
Projector,Office,243.17,508.52,16,South,2025-03
Projector,Office,259.11,476.68,7,East,2025-03
Projector,Office,242.63,480.96,14,West,2025-03
Projector,Office,251.33,490.51,16,Central,2025-03
Projector,Office,254.08,514.62,13,Northeast,2025-03
Smartwatch,Electronics,89.62,217.77,32,North,2025-03
Smartwatch,Electronics,92.3,225.13,32,South,2025-03
Smartwatch,Electronics,90.6,231.9,22,East,2025-03
Smartwatch,Electronics,89.58,222.22,30,West,2025-03
Smartwatch,Electronics,89.58,229.2,18,Central,2025-03
Smartwatch,Electronics,91.32,219.64,18,Northeast,2025-03
Speaker,Accessories,45.09,114.9,20,North,2025-03
Speaker,Accessories,45.7,112.11,33,South,2025-03
Speaker,Accessories,43.81,110.48,30,East,2025-03
Speaker,Accessories,46.0,106.34,35,West,2025-03
Speaker,Accessories,45.95,105.44,37,Central,2025-03
Speaker,Accessories,45.65,104.92,25,Northeast,2025-03
Camera,Electronics,306.26,624.89,22,North,2025-03
Camera,Electronics,305.27,626.3,15,South,2025-03
Camera,Electronics,310.02,634.58,12,East,2025-03
Camera,Electronics,301.86,650.68,12,West,2025-03
Camera,Electronics,299.24,631.3,16,Central,2025-03
Camera,Electronics,311.78,633.2,4,Northeast,2025-03
Microphone,Accessories,69.76,156.57,22,North,2025-03
Microphone,Accessories,71.06,159.24,19,South,2025-03
Microphone,Accessories,70.31,153.99,18,East,2025-03
Microphone,Accessories,69.27,155.63,15,West,2025-03
Microphone,Accessories,71.28,159.17,21,Central,2025-03
Microphone,Accessories,69.61,151.69,10,Northeast,2025-03
Scanner,Office,91.54,196.33,17,North,2025-03
Scanner,Office,91.13,181.7,14,South,2025-03
Scanner,Office,88.92,196.41,12,East,2025-03
Scanner,Office,87.52,178.86,23,West,2025-03
Scanner,Office,89.56,182.01,11,Central,2025-03
Scanner,Office,90.76,184.9,8,Northeast,2025-03
Laptop,Electronics,519.69,847.75,15,North,2025-04
Laptop,Electronics,517.15,802.62,29,South,2025-04
Laptop,Electronics,530.45,879.27,14,East,2025-04
Laptop,Electronics,505.84,853.2,31,West,2025-04
Laptop,Electronics,531.73,873.25,21,Central,2025-04
Laptop,Electronics,517.48,900.0,9,Northeast,2025-04
Phone,Electronics,261.86,464.07,30,North,2025-04
Phone,Electronics,257.19,495.16,34,South,2025-04
Phone,Electronics,263.84,496.41,21,East,2025-04
Phone,Electronics,259.51,483.88,41,West,2025-04
Phone,Electronics,262.13,496.06,35,Central,2025-04
Phone,Electronics,267.29,496.65,16,Northeast,2025-04
Tablet,Electronics,176.69,311.17,23,North,2025-04
Tablet,Electronics,175.88,323.67,24,South,2025-04
Tablet,Electronics,179.91,316.1,23,East,2025-04
Tablet,Electronics,186.8,304.75,35,West,2025-04
Tablet,Electronics,176.86,326.75,24,Central,2025-04
Tablet,Electronics,177.59,334.07,18,Northeast,2025-04
Headphones,Accessories,34.57,79.12,40,North,2025-04
Headphones,Accessories,35.57,76.04,40,South,2025-04
Headphones,Accessories,36.04,78.47,29,East,2025-04
Headphones,Accessories,35.4,75.54,47,West,2025-04
Headphones,Accessories,34.95,71.72,35,Central,2025-04
Headphones,Accessories,34.47,71.65,35,Northeast,2025-04
Monitor,Electronics,143.53,245.14,32,North,2025-04
Monitor,Electronics,143.57,271.34,20,South,2025-04
Monitor,Electronics,143.03,264.37,11,East,2025-04
Monitor,Electronics,136.6,256.57,28,West,2025-04
Monitor,Electronics,142.61,249.83,17,Central,2025-04
Monitor,Electronics,141.67,249.0,19,Northeast,2025-04
Keyboard,Accessories,25.29,57.04,29,North,2025-04
Keyboard,Accessories,25.3,52.59,41,South,2025-04
Keyboard,Accessories,25.92,57.52,24,East,2025-04
Keyboard,Accessories,24.93,53.11,51,West,2025-04
Keyboard,Accessories,25.08,52.15,27,Central,2025-04
Keyboard,Accessories,25.38,54.36,26,Northeast,2025-04
Mouse,Accessories,12.29,28.26,52,North,2025-04
Mouse,Accessories,12.05,28.82,51,South,2025-04
Mouse,Accessories,11.77,30.0,41,East,2025-04
Mouse,Accessories,12.23,31.02,54,West,2025-04
Mouse,Accessories,11.74,29.62,37,Central,2025-04
Mouse,Accessories,11.79,29.35,36,Northeast,2025-04
Printer,Office,108.54,221.28,15,North,2025-04
Printer,Office,108.51,208.56,18,South,2025-04
Printer,Office,109.82,213.04,14,East,2025-04
Printer,Office,108.39,210.89,27,West,2025-04
Printer,Office,112.45,207.74,17,Central,2025-04
Printer,Office,114.11,216.27,11,Northeast,2025-04
Chair,Furniture,84.12,182.39,11,North,2025-04
Chair,Furniture,88.0,178.64,12,South,2025-04
Chair,Furniture,87.0,170.69,14,East,2025-04
Chair,Furniture,85.43,175.57,19,West,2025-04
Chair,Furniture,86.32,183.74,12,Central,2025-04
Chair,Furniture,85.77,184.46,9,Northeast,2025-04
Desk,Furniture,148.85,300.2,18,North,2025-04
Desk,Furniture,149.6,313.17,18,South,2025-04
Desk,Furniture,146.32,292.73,14,East,2025-04
Desk,Furniture,151.48,301.17,17,West,2025-04
Desk,Furniture,153.36,303.49,18,Central,2025-04
Desk,Furniture,149.34,287.09,14,Northeast,2025-04
Webcam,Accessories,30.45,73.97,33,North,2025-04
Webcam,Accessories,29.16,69.91,25,South,2025-04
Webcam,Accessories,29.17,71.65,24,East,2025-04
Webcam,Accessories,29.73,73.27,36,West,2025-04
Webcam,Accessories,30.81,71.77,38,Central,2025-04
Webcam,Accessories,30.2,71.87,24,Northeast,2025-04
Router,Networking,43.9,94.28,26,North,2025-04
Router,Networking,46.45,98.78,30,South,2025-04
Router,Networking,45.42,104.81,20,East,2025-04
Router,Networking,44.09,95.33,33,West,2025-04
Router,Networking,43.86,97.69,25,Central,2025-04
Router,Networking,44.89,105.91,11,Northeast,2025-04
SSD,Components,56.38,136.55,29,North,2025-04
SSD,Components,55.67,125.24,35,South,2025-04
SSD,Components,54.69,132.74,23,East,2025-04
SSD,Components,55.96,132.56,43,West,2025-04
SSD,Components,56.0,134.97,31,Central,2025-04
SSD,Components,54.15,124.03,21,Northeast,2025-04
Keyboard Pro,Accessories,54.98,120.38,24,North,2025-04
Keyboard Pro,Accessories,54.21,114.69,22,South,2025-04
Keyboard Pro,Accessories,54.84,119.45,17,East,2025-04
Keyboard Pro,Accessories,56.11,119.72,32,West,2025-04
Keyboard Pro,Accessories,55.08,115.7,29,Central,2025-04
Keyboard Pro,Accessories,54.75,126.97,15,Northeast,2025-04
Projector,Office,257.3,496.02,8,North,2025-04
Projector,Office,257.4,507.12,18,South,2025-04
Projector,Office,259.27,521.59,8,East,2025-04
Projector,Office,251.18,511.73,15,West,2025-04
Projector,Office,250.12,478.75,20,Central,2025-04
Projector,Office,243.37,510.55,7,Northeast,2025-04
Smartwatch,Electronics,90.26,232.47,29,North,2025-04
Smartwatch,Electronics,88.75,209.64,27,South,2025-04
Smartwatch,Electronics,91.58,229.66,21,East,2025-04
Smartwatch,Electronics,91.16,217.29,22,West,2025-04
Smartwatch,Electronics,88.38,214.8,28,Central,2025-04
Smartwatch,Electronics,92.99,211.03,18,Northeast,2025-04
Speaker,Accessories,45.0,103.88,23,North,2025-04
Speaker,Accessories,46.02,116.39,33,South,2025-04
Speaker,Accessories,45.11,112.1,23,East,2025-04
Speaker,Accessories,45.18,106.81,31,West,2025-04
Speaker,Accessories,44.57,106.64,32,Central,2025-04
Speaker,Accessories,45.06,116.1,19,Northeast,2025-04
Camera,Electronics,304.14,676.77,12,North,2025-04
Camera,Electronics,310.85,669.12,14,South,2025-04
Camera,Electronics,291.13,619.52,11,East,2025-04
Camera,Electronics,292.03,664.61,20,West,2025-04
Camera,Electronics,292.38,641.44,18,Central,2025-04
Camera,Electronics,293.44,681.93,8,Northeast,2025-04
Microphone,Accessories,70.81,157.58,18,North,2025-04
Microphone,Accessories,71.96,162.38,16,South,2025-04
Microphone,Accessories,71.71,163.93,20,East,2025-04
Microphone,Accessories,72.31,160.75,21,West,2025-04
Microphone,Accessories,68.45,169.31,12,Central,2025-04
Microphone,Accessories,72.08,159.42,19,Northeast,2025-04
Scanner,Office,92.07,180.07,21,North,2025-04
Scanner,Office,87.58,192.3,20,South,2025-04
Scanner,Office,93.13,185.75,12,East,2025-04
Scanner,Office,87.94,189.73,23,West,2025-04
Scanner,Office,87.8,187.82,13,Central,2025-04
Scanner,Office,87.82,194.64,8,Northeast,2025-04
Laptop,Electronics,504.89,857.14,22,North,2025-05
Laptop,Electronics,516.87,893.66,26,South,2025-05
Laptop,Electronics,513.65,856.14,21,East,2025-05
Laptop,Electronics,536.68,895.01,24,West,2025-05
Laptop,Electronics,531.35,808.74,22,Central,2025-05
Laptop,Electronics,521.5,868.18,17,Northeast,2025-05
Phone,Electronics,253.14,454.62,37,North,2025-05
Phone,Electronics,259.09,453.92,42,South,2025-05
Phone,Electronics,259.86,498.91,29,East,2025-05
Phone,Electronics,253.18,469.17,35,West,2025-05
Phone,Electronics,259.47,484.44,40,Central,2025-05
Phone,Electronics,266.34,452.51,26,Northeast,2025-05
Tablet,Electronics,183.24,328.71,27,North,2025-05
Tablet,Electronics,178.12,303.48,31,South,2025-05
Tablet,Electronics,184.21,320.49,20,East,2025-05
Tablet,Electronics,184.24,332.16,21,West,2025-05
Tablet,Electronics,181.83,338.0,20,Central,2025-05
Tablet,Electronics,180.45,307.41,19,Northeast,2025-05
Headphones,Accessories,35.12,78.85,38,North,2025-05
Headphones,Accessories,34.54,77.86,52,South,2025-05
Headphones,Accessories,35.77,72.4,41,East,2025-05
Headphones,Accessories,35.87,78.27,51,West,2025-05
Headphones,Accessories,35.24,76.46,41,Central,2025-05
Headphones,Accessories,35.15,75.99,22,Northeast,2025-05
Monitor,Electronics,139.15,264.56,19,North,2025-05
Monitor,Electronics,144.23,274.41,24,South,2025-05
Monitor,Electronics,140.97,267.39,33,East,2025-05
Monitor,Electronics,141.37,245.47,23,West,2025-05
Monitor,Electronics,137.15,268.78,21,Central,2025-05
Monitor,Electronics,140.66,270.42,11,Northeast,2025-05
Keyboard,Accessories,25.6,54.7,36,North,2025-05
Keyboard,Accessories,25.16,56.68,32,South,2025-05
Keyboard,Accessories,25.48,57.96,26,East,2025-05
Keyboard,Accessories,25.2,53.57,45,West,2025-05
Keyboard,Accessories,25.9,54.0,33,Central,2025-05
Keyboard,Accessories,25.18,56.1,19,Northeast,2025-05
Mouse,Accessories,12.13,28.84,39,North,2025-05
Mouse,Accessories,12.11,30.44,42,South,2025-05
Mouse,Accessories,11.66,28.55,30,East,2025-05
Mouse,Accessories,12.1,31.71,55,West,2025-05
Mouse,Accessories,12.45,30.79,46,Central,2025-05
Mouse,Accessories,12.18,29.11,33,Northeast,2025-05
Printer,Office,109.75,220.2,18,North,2025-05
Printer,Office,107.29,201.45,17,South,2025-05
Printer,Office,111.56,213.44,12,East,2025-05
Printer,Office,111.09,213.16,17,West,2025-05
Printer,Office,111.25,199.25,19,Central,2025-05
Printer,Office,108.05,217.75,11,Northeast,2025-05
Chair,Furniture,87.9,172.17,18,North,2025-05
Chair,Furniture,82.96,180.24,19,South,2025-05
Chair,Furniture,87.3,170.99,12,East,2025-05
Chair,Furniture,88.18,183.0,19,West,2025-05
Chair,Furniture,87.55,176.86,13,Central,2025-05
Chair,Furniture,88.32,171.11,21,Northeast,2025-05
Desk,Furniture,151.78,300.86,11,North,2025-05
Desk,Furniture,151.01,307.15,9,South,2025-05
Desk,Furniture,147.03,285.71,14,East,2025-05
Desk,Furniture,152.59,306.28,11,West,2025-05
Desk,Furniture,152.36,304.51,14,Central,2025-05
Desk,Furniture,146.29,311.19,7,Northeast,2025-05
Webcam,Accessories,29.35,71.53,20,North,2025-05
Webcam,Accessories,29.57,66.33,45,South,2025-05
Webcam,Accessories,30.72,70.24,20,East,2025-05
Webcam,Accessories,31.02,66.62,43,West,2025-05
Webcam,Accessories,29.48,69.87,29,Central,2025-05
Webcam,Accessories,30.21,70.34,18,Northeast,2025-05
Router,Networking,44.23,98.7,40,North,2025-05
Router,Networking,46.74,100.34,30,South,2025-05
Router,Networking,45.64,102.34,20,East,2025-05
Router,Networking,43.68,99.25,24,West,2025-05
Router,Networking,44.18,102.69,32,Central,2025-05
Router,Networking,44.36,102.41,23,Northeast,2025-05
SSD,Components,54.24,137.31,28,North,2025-05
SSD,Components,55.55,122.58,48,South,2025-05
SSD,Components,56.14,126.81,23,East,2025-05
SSD,Components,55.0,129.97,42,West,2025-05
SSD,Components,56.62,129.34,41,Central,2025-05
SSD,Components,56.65,132.71,30,Northeast,2025-05
Keyboard Pro,Accessories,56.94,113.49,24,North,2025-05
Keyboard Pro,Accessories,54.37,123.74,32,South,2025-05
Keyboard Pro,Accessories,57.07,123.47,26,East,2025-05
Keyboard Pro,Accessories,56.92,126.72,28,West,2025-05
Keyboard Pro,Accessories,55.62,114.37,29,Central,2025-05
Keyboard Pro,Accessories,55.56,118.65,15,Northeast,2025-05
Projector,Office,257.5,470.33,18,North,2025-05
Projector,Office,250.34,479.13,11,South,2025-05
Projector,Office,252.12,473.48,11,East,2025-05
Projector,Office,245.18,495.49,12,West,2025-05
Projector,Office,259.61,476.92,11,Central,2025-05
Projector,Office,255.72,477.63,9,Northeast,2025-05
Smartwatch,Electronics,92.63,209.08,24,North,2025-05
Smartwatch,Electronics,88.81,228.04,23,South,2025-05
Smartwatch,Electronics,89.18,231.61,16,East,2025-05
Smartwatch,Electronics,87.45,222.37,25,West,2025-05
Smartwatch,Electronics,90.52,224.21,23,Central,2025-05
Smartwatch,Electronics,92.36,223.79,22,Northeast,2025-05
Speaker,Accessories,46.29,115.2,23,North,2025-05
Speaker,Accessories,44.66,115.17,33,South,2025-05
Speaker,Accessories,43.89,110.32,24,East,2025-05
Speaker,Accessories,45.97,103.9,38,West,2025-05
Speaker,Accessories,44.44,110.41,35,Central,2025-05
Speaker,Accessories,44.83,104.52,29,Northeast,2025-05
Camera,Electronics,307.33,653.48,9,North,2025-05
Camera,Electronics,305.56,662.28,21,South,2025-05
Camera,Electronics,304.88,651.31,10,East,2025-05
Camera,Electronics,295.5,660.8,16,West,2025-05
Camera,Electronics,295.97,681.43,9,Central,2025-05
Camera,Electronics,295.02,614.51,13,Northeast,2025-05
Microphone,Accessories,68.19,155.91,18,North,2025-05
Microphone,Accessories,71.27,162.06,25,South,2025-05
Microphone,Accessories,71.28,167.08,8,East,2025-05
Microphone,Accessories,69.42,165.14,21,West,2025-05
Microphone,Accessories,72.64,151.47,16,Central,2025-05
Microphone,Accessories,69.86,150.5,22,Northeast,2025-05
Scanner,Office,89.73,188.83,15,North,2025-05
Scanner,Office,92.3,190.35,13,South,2025-05
Scanner,Office,92.65,194.81,12,East,2025-05
Scanner,Office,91.05,200.6,13,West,2025-05
Scanner,Office,88.62,193.18,16,Central,2025-05
Scanner,Office,89.68,187.49,13,Northeast,2025-05
Laptop,Electronics,508.25,815.15,17,North,2025-06
Laptop,Electronics,523.27,861.49,26,South,2025-06
Laptop,Electronics,506.58,850.06,29,East,2025-06
Laptop,Electronics,504.42,842.2,34,West,2025-06
Laptop,Electronics,506.0,893.34,28,Central,2025-06
Laptop,Electronics,511.77,824.47,16,Northeast,2025-06
Phone,Electronics,255.39,500.85,29,North,2025-06
Phone,Electronics,263.97,458.26,38,South,2025-06
Phone,Electronics,265.82,501.08,33,East,2025-06
Phone,Electronics,262.66,503.91,39,West,2025-06
Phone,Electronics,262.1,502.91,39,Central,2025-06
Phone,Electronics,264.81,497.09,32,Northeast,2025-06
Tablet,Electronics,183.58,308.56,28,North,2025-06
Tablet,Electronics,181.5,328.01,35,South,2025-06
Tablet,Electronics,175.96,333.79,19,East,2025-06
Tablet,Electronics,181.71,312.53,33,West,2025-06
Tablet,Electronics,177.18,335.03,27,Central,2025-06
Tablet,Electronics,175.81,302.36,21,Northeast,2025-06
Headphones,Accessories,35.17,76.63,36,North,2025-06
Headphones,Accessories,35.83,72.95,43,South,2025-06
Headphones,Accessories,34.71,75.66,32,East,2025-06
Headphones,Accessories,33.96,75.44,51,West,2025-06
Headphones,Accessories,35.77,74.79,35,Central,2025-06
Headphones,Accessories,35.08,73.52,31,Northeast,2025-06
Monitor,Electronics,135.95,274.87,22,North,2025-06
Monitor,Electronics,142.88,261.04,23,South,2025-06
Monitor,Electronics,142.75,247.85,26,East,2025-06
Monitor,Electronics,138.55,248.33,31,West,2025-06
Monitor,Electronics,143.95,274.32,26,Central,2025-06
Monitor,Electronics,138.66,254.85,15,Northeast,2025-06
Keyboard,Accessories,24.87,52.62,37,North,2025-06
Keyboard,Accessories,24.9,52.79,43,South,2025-06
Keyboard,Accessories,24.6,56.39,25,East,2025-06
Keyboard,Accessories,24.57,58.16,38,West,2025-06
Keyboard,Accessories,24.33,55.06,28,Central,2025-06
Keyboard,Accessories,24.71,56.93,29,Northeast,2025-06
Mouse,Accessories,11.9,29.23,38,North,2025-06
Mouse,Accessories,12.12,30.54,55,South,2025-06
Mouse,Accessories,12.48,28.6,44,East,2025-06
Mouse,Accessories,11.65,30.13,54,West,2025-06
Mouse,Accessories,11.92,30.57,44,Central,2025-06
Mouse,Accessories,12.45,29.74,37,Northeast,2025-06
Printer,Office,112.02,197.99,19,North,2025-06
Printer,Office,106.81,201.76,21,South,2025-06
Printer,Office,113.5,221.89,15,East,2025-06
Printer,Office,111.11,199.17,33,West,2025-06
Printer,Office,108.4,221.59,12,Central,2025-06
Printer,Office,109.1,220.26,17,Northeast,2025-06
Chair,Furniture,85.76,185.3,11,North,2025-06
Chair,Furniture,85.52,184.62,14,South,2025-06
Chair,Furniture,86.35,189.88,17,East,2025-06
Chair,Furniture,83.42,187.12,19,West,2025-06
Chair,Furniture,83.34,171.43,20,Central,2025-06
Chair,Furniture,83.28,190.16,9,Northeast,2025-06
Desk,Furniture,154.54,316.1,11,North,2025-06
Desk,Furniture,148.92,292.72,22,South,2025-06
Desk,Furniture,155.4,297.7,13,East,2025-06
Desk,Furniture,146.28,293.25,14,West,2025-06
Desk,Furniture,147.22,286.56,13,Central,2025-06
Desk,Furniture,146.8,316.21,10,Northeast,2025-06
Webcam,Accessories,30.83,65.87,30,North,2025-06
Webcam,Accessories,31.03,70.16,34,South,2025-06
Webcam,Accessories,30.98,69.8,15,East,2025-06
Webcam,Accessories,29.81,68.75,40,West,2025-06
Webcam,Accessories,30.66,68.47,26,Central,2025-06
Webcam,Accessories,30.23,68.95,17,Northeast,2025-06
Router,Networking,46.25,104.87,35,North,2025-06
Router,Networking,44.65,100.04,41,South,2025-06
Router,Networking,45.81,96.64,19,East,2025-06
Router,Networking,45.73,97.22,45,West,2025-06
Router,Networking,43.8,96.55,18,Central,2025-06
Router,Networking,44.75,100.96,18,Northeast,2025-06
SSD,Components,53.81,137.0,29,North,2025-06
SSD,Components,56.9,122.21,33,South,2025-06
SSD,Components,56.46,132.01,33,East,2025-06
SSD,Components,55.23,128.77,48,West,2025-06
SSD,Components,54.14,130.18,32,Central,2025-06
SSD,Components,54.96,122.34,31,Northeast,2025-06
Keyboard Pro,Accessories,53.35,122.79,14,North,2025-06
Keyboard Pro,Accessories,56.11,124.36,29,South,2025-06
Keyboard Pro,Accessories,56.14,123.45,24,East,2025-06
Keyboard Pro,Accessories,54.74,113.71,33,West,2025-06
Keyboard Pro,Accessories,54.41,117.62,31,Central,2025-06
Keyboard Pro,Accessories,54.03,124.62,15,Northeast,2025-06
Projector,Office,242.56,487.97,10,North,2025-06
Projector,Office,256.25,488.82,21,South,2025-06
Projector,Office,247.86,511.5,16,East,2025-06
Projector,Office,258.5,492.55,8,West,2025-06
Projector,Office,249.93,488.05,13,Central,2025-06
Projector,Office,246.41,517.43,8,Northeast,2025-06
Smartwatch,Electronics,91.53,232.77,29,North,2025-06
Smartwatch,Electronics,88.56,232.02,22,South,2025-06
Smartwatch,Electronics,90.44,230.34,15,East,2025-06
Smartwatch,Electronics,92.63,226.71,28,West,2025-06
Smartwatch,Electronics,91.96,224.38,25,Central,2025-06
Smartwatch,Electronics,88.84,232.87,19,Northeast,2025-06
Speaker,Accessories,46.39,110.65,34,North,2025-06
Speaker,Accessories,45.87,105.02,31,South,2025-06
Speaker,Accessories,45.45,109.85,36,East,2025-06
Speaker,Accessories,46.72,110.12,39,West,2025-06
Speaker,Accessories,44.36,110.34,35,Central,2025-06
Speaker,Accessories,44.39,103.44,21,Northeast,2025-06
Camera,Electronics,299.14,680.31,19,North,2025-06
Camera,Electronics,294.96,611.59,27,South,2025-06
Camera,Electronics,297.51,683.5,15,East,2025-06
Camera,Electronics,291.38,687.1,27,West,2025-06
Camera,Electronics,302.44,676.36,16,Central,2025-06
Camera,Electronics,296.54,675.62,11,Northeast,2025-06
Microphone,Accessories,70.21,164.66,21,North,2025-06
Microphone,Accessories,71.2,163.06,25,South,2025-06
Microphone,Accessories,68.85,160.78,20,East,2025-06
Microphone,Accessories,71.78,154.6,25,West,2025-06
Microphone,Accessories,69.05,169.36,16,Central,2025-06
Microphone,Accessories,70.67,165.3,11,Northeast,2025-06
Scanner,Office,91.6,178.94,18,North,2025-06
Scanner,Office,92.11,197.23,14,South,2025-06
Scanner,Office,88.2,192.31,10,East,2025-06
Scanner,Office,90.93,199.88,18,West,2025-06
Scanner,Office,87.64,188.65,15,Central,2025-06
Scanner,Office,93.14,196.95,7,Northeast,2025-06
Laptop,Electronics,512.04,858.64,17,North,2025-07
Laptop,Electronics,527.96,867.53,21,South,2025-07
Laptop,Electronics,509.13,801.35,21,East,2025-07
Laptop,Electronics,521.56,897.5,17,West,2025-07
Laptop,Electronics,510.64,872.98,17,Central,2025-07
Laptop,Electronics,526.84,825.93,17,Northeast,2025-07
Phone,Electronics,259.95,496.4,32,North,2025-07
Phone,Electronics,257.35,487.28,36,South,2025-07
Phone,Electronics,256.4,508.58,25,East,2025-07
Phone,Electronics,270.21,473.15,43,West,2025-07
Phone,Electronics,267.63,453.27,26,Central,2025-07
Phone,Electronics,260.86,467.03,32,Northeast,2025-07
Tablet,Electronics,179.29,308.39,31,North,2025-07
Tablet,Electronics,179.59,307.5,33,South,2025-07
Tablet,Electronics,177.76,327.87,28,East,2025-07
Tablet,Electronics,180.5,308.47,29,West,2025-07
Tablet,Electronics,184.27,322.81,32,Central,2025-07
Tablet,Electronics,180.7,303.37,19,Northeast,2025-07
Headphones,Accessories,36.34,78.57,40,North,2025-07
Headphones,Accessories,34.27,76.22,47,South,2025-07
Headphones,Accessories,36.28,74.55,35,East,2025-07
Headphones,Accessories,34.79,78.32,51,West,2025-07
Headphones,Accessories,34.85,77.44,26,Central,2025-07
Headphones,Accessories,35.85,76.05,33,Northeast,2025-07
Monitor,Electronics,135.97,247.04,27,North,2025-07
Monitor,Electronics,137.4,268.82,22,South,2025-07
Monitor,Electronics,136.4,249.75,22,East,2025-07
Monitor,Electronics,144.68,274.1,28,West,2025-07
Monitor,Electronics,144.58,259.39,21,Central,2025-07
Monitor,Electronics,136.87,264.76,15,Northeast,2025-07
Keyboard,Accessories,24.85,52.13,40,North,2025-07
Keyboard,Accessories,25.46,54.0,46,South,2025-07
Keyboard,Accessories,25.87,58.02,28,East,2025-07
Keyboard,Accessories,24.68,56.8,48,West,2025-07
Keyboard,Accessories,25.22,54.3,37,Central,2025-07
Keyboard,Accessories,25.87,53.11,36,Northeast,2025-07
Mouse,Accessories,12.32,28.46,52,North,2025-07
Mouse,Accessories,12.32,30.07,41,South,2025-07
Mouse,Accessories,11.79,29.75,45,East,2025-07
Mouse,Accessories,12.12,31.56,49,West,2025-07
Mouse,Accessories,12.33,29.64,48,Central,2025-07
Mouse,Accessories,11.86,29.72,30,Northeast,2025-07
Printer,Office,110.02,209.23,20,North,2025-07
Printer,Office,107.77,221.9,20,South,2025-07
Printer,Office,111.45,217.76,14,East,2025-07
Printer,Office,108.45,208.87,22,West,2025-07
Printer,Office,112.33,220.03,21,Central,2025-07
Printer,Office,109.57,200.39,17,Northeast,2025-07
Chair,Furniture,87.68,173.4,11,North,2025-07
Chair,Furniture,84.25,177.37,22,South,2025-07
Chair,Furniture,87.85,178.72,15,East,2025-07
Chair,Furniture,83.86,183.95,20,West,2025-07
Chair,Furniture,88.34,175.64,18,Central,2025-07
Chair,Furniture,88.22,170.76,17,Northeast,2025-07
Desk,Furniture,152.83,293.14,11,North,2025-07
Desk,Furniture,148.29,311.39,11,South,2025-07
Desk,Furniture,154.07,298.0,8,East,2025-07
Desk,Furniture,152.83,291.65,20,West,2025-07
Desk,Furniture,146.89,299.21,17,Central,2025-07
Desk,Furniture,148.6,304.43,5,Northeast,2025-07
Webcam,Accessories,31.09,72.16,30,North,2025-07
Webcam,Accessories,29.3,72.1,32,South,2025-07
Webcam,Accessories,30.81,72.78,31,East,2025-07
Webcam,Accessories,30.84,70.26,45,West,2025-07
Webcam,Accessories,30.94,74.08,29,Central,2025-07
Webcam,Accessories,30.73,67.69,16,Northeast,2025-07
Router,Networking,46.42,101.26,33,North,2025-07
Router,Networking,44.1,98.89,35,South,2025-07
Router,Networking,46.74,100.74,25,East,2025-07
Router,Networking,46.27,102.13,32,West,2025-07
Router,Networking,45.59,96.11,27,Central,2025-07
Router,Networking,43.71,103.2,21,Northeast,2025-07
SSD,Components,53.48,126.56,36,North,2025-07
SSD,Components,55.35,136.19,35,South,2025-07
SSD,Components,56.13,128.29,28,East,2025-07
SSD,Components,53.46,134.52,46,West,2025-07
SSD,Components,55.26,130.26,41,Central,2025-07
SSD,Components,54.55,124.69,22,Northeast,2025-07
Keyboard Pro,Accessories,55.83,115.38,24,North,2025-07
Keyboard Pro,Accessories,56.93,119.78,34,South,2025-07
Keyboard Pro,Accessories,54.18,122.68,25,East,2025-07
Keyboard Pro,Accessories,54.31,117.04,29,West,2025-07
Keyboard Pro,Accessories,53.48,124.26,20,Central,2025-07
Keyboard Pro,Accessories,53.93,121.23,15,Northeast,2025-07
Projector,Office,255.52,498.59,12,North,2025-07
Projector,Office,247.04,507.32,18,South,2025-07
Projector,Office,243.03,478.23,15,East,2025-07
Projector,Office,245.07,528.13,15,West,2025-07
Projector,Office,258.95,488.39,18,Central,2025-07
Projector,Office,252.9,484.97,9,Northeast,2025-07
Smartwatch,Electronics,87.94,225.35,15,North,2025-07
Smartwatch,Electronics,88.97,225.98,25,South,2025-07
Smartwatch,Electronics,88.45,209.55,22,East,2025-07
Smartwatch,Electronics,91.65,223.93,30,West,2025-07
Smartwatch,Electronics,92.09,218.24,13,Central,2025-07
Smartwatch,Electronics,89.38,224.87,10,Northeast,2025-07
Speaker,Accessories,44.03,112.79,34,North,2025-07
Speaker,Accessories,44.42,111.79,41,South,2025-07
Speaker,Accessories,45.88,115.36,26,East,2025-07
Speaker,Accessories,45.56,108.95,35,West,2025-07
Speaker,Accessories,45.78,112.46,31,Central,2025-07
Speaker,Accessories,44.6,113.46,18,Northeast,2025-07
Camera,Electronics,291.7,631.87,15,North,2025-07
Camera,Electronics,298.04,649.69,20,South,2025-07
Camera,Electronics,307.11,677.85,9,East,2025-07
Camera,Electronics,298.93,677.29,9,West,2025-07
Camera,Electronics,309.27,629.87,15,Central,2025-07
Camera,Electronics,297.28,686.05,13,Northeast,2025-07
Microphone,Accessories,68.69,152.4,17,North,2025-07
Microphone,Accessories,69.1,159.56,13,South,2025-07
Microphone,Accessories,71.87,150.85,26,East,2025-07
Microphone,Accessories,71.12,161.84,36,West,2025-07
Microphone,Accessories,71.83,162.25,21,Central,2025-07
Microphone,Accessories,69.35,157.48,10,Northeast,2025-07
Scanner,Office,92.94,199.56,12,North,2025-07
Scanner,Office,91.87,196.58,16,South,2025-07
Scanner,Office,92.25,181.42,15,East,2025-07
Scanner,Office,91.46,199.55,24,West,2025-07
Scanner,Office,93.2,188.97,19,Central,2025-07
Scanner,Office,89.72,183.39,18,Northeast,2025-07
Laptop,Electronics,538.0,876.19,23,North,2025-08
Laptop,Electronics,512.34,899.74,27,South,2025-08
Laptop,Electronics,523.08,812.47,31,East,2025-08
Laptop,Electronics,524.46,840.27,27,West,2025-08
Laptop,Electronics,520.82,827.48,20,Central,2025-08
Laptop,Electronics,516.7,857.98,14,Northeast,2025-08
Phone,Electronics,265.15,459.24,30,North,2025-08
Phone,Electronics,256.93,508.74,44,South,2025-08
Phone,Electronics,262.41,492.39,35,East,2025-08
Phone,Electronics,262.08,495.2,50,West,2025-08
Phone,Electronics,268.2,453.56,29,Central,2025-08
Phone,Electronics,258.37,488.5,31,Northeast,2025-08
Tablet,Electronics,183.04,333.55,26,North,2025-08
Tablet,Electronics,176.32,316.29,34,South,2025-08
Tablet,Electronics,186.76,336.69,26,East,2025-08
Tablet,Electronics,174.86,328.29,38,West,2025-08
Tablet,Electronics,179.36,336.77,26,Central,2025-08
Tablet,Electronics,181.13,335.78,18,Northeast,2025-08
Headphones,Accessories,36.31,78.13,36,North,2025-08
Headphones,Accessories,35.45,73.07,48,South,2025-08
Headphones,Accessories,34.28,72.78,36,East,2025-08
Headphones,Accessories,34.73,74.27,57,West,2025-08
Headphones,Accessories,36.24,72.81,33,Central,2025-08
Headphones,Accessories,34.51,75.69,27,Northeast,2025-08
Monitor,Electronics,144.61,255.17,21,North,2025-08
Monitor,Electronics,145.25,256.46,23,South,2025-08
Monitor,Electronics,136.61,254.24,20,East,2025-08
Monitor,Electronics,142.24,267.89,29,West,2025-08
Monitor,Electronics,138.85,266.51,23,Central,2025-08
Monitor,Electronics,141.22,262.79,13,Northeast,2025-08
Keyboard,Accessories,24.33,54.17,42,North,2025-08
Keyboard,Accessories,24.52,56.14,38,South,2025-08
Keyboard,Accessories,25.42,52.32,36,East,2025-08
Keyboard,Accessories,25.65,52.84,46,West,2025-08
Keyboard,Accessories,24.92,54.09,38,Central,2025-08
Keyboard,Accessories,25.39,54.51,27,Northeast,2025-08
Mouse,Accessories,12.01,29.51,45,North,2025-08
Mouse,Accessories,12.44,28.48,49,South,2025-08
Mouse,Accessories,11.71,29.0,47,East,2025-08
Mouse,Accessories,11.79,29.22,70,West,2025-08
Mouse,Accessories,12.04,31.46,36,Central,2025-08
Mouse,Accessories,12.24,29.25,37,Northeast,2025-08
Printer,Office,107.54,198.62,22,North,2025-08
Printer,Office,108.47,201.09,26,South,2025-08
Printer,Office,113.68,198.29,23,East,2025-08
Printer,Office,108.15,204.09,27,West,2025-08
Printer,Office,113.07,220.87,19,Central,2025-08
Printer,Office,112.3,219.67,16,Northeast,2025-08
Chair,Furniture,87.24,184.5,25,North,2025-08
Chair,Furniture,84.98,180.17,20,South,2025-08
Chair,Furniture,86.13,169.58,21,East,2025-08
Chair,Furniture,88.04,177.79,20,West,2025-08
Chair,Furniture,84.88,176.84,11,Central,2025-08
Chair,Furniture,86.3,181.99,13,Northeast,2025-08
Desk,Furniture,147.24,288.28,9,North,2025-08
Desk,Furniture,146.74,288.42,12,South,2025-08
Desk,Furniture,154.03,305.24,7,East,2025-08
Desk,Furniture,148.78,309.86,9,West,2025-08
Desk,Furniture,154.82,285.3,14,Central,2025-08
Desk,Furniture,149.4,309.67,9,Northeast,2025-08
Webcam,Accessories,29.21,74.15,30,North,2025-08
Webcam,Accessories,30.65,72.16,27,South,2025-08
Webcam,Accessories,30.15,66.46,32,East,2025-08
Webcam,Accessories,29.6,69.69,39,West,2025-08
Webcam,Accessories,30.07,70.24,37,Central,2025-08
Webcam,Accessories,30.1,67.48,13,Northeast,2025-08
Router,Networking,45.19,98.24,25,North,2025-08
Router,Networking,45.36,104.54,27,South,2025-08
Router,Networking,45.42,95.64,30,East,2025-08
Router,Networking,44.66,96.23,32,West,2025-08
Router,Networking,44.07,98.24,23,Central,2025-08
Router,Networking,43.94,97.68,23,Northeast,2025-08
SSD,Components,56.67,123.4,33,North,2025-08
SSD,Components,55.02,136.73,32,South,2025-08
SSD,Components,53.98,127.84,32,East,2025-08
SSD,Components,56.16,135.46,49,West,2025-08
SSD,Components,55.28,132.22,42,Central,2025-08
SSD,Components,54.35,131.21,32,Northeast,2025-08
Keyboard Pro,Accessories,54.9,116.08,26,North,2025-08
Keyboard Pro,Accessories,53.75,115.33,24,South,2025-08
Keyboard Pro,Accessories,56.02,113.0,19,East,2025-08
Keyboard Pro,Accessories,55.32,117.62,38,West,2025-08
Keyboard Pro,Accessories,56.01,117.71,38,Central,2025-08
Keyboard Pro,Accessories,53.76,118.78,7,Northeast,2025-08
Projector,Office,251.38,498.69,9,North,2025-08
Projector,Office,248.21,480.87,11,South,2025-08
Projector,Office,255.38,500.99,21,East,2025-08
Projector,Office,243.21,495.1,11,West,2025-08
Projector,Office,251.58,479.45,20,Central,2025-08
Projector,Office,256.94,476.43,10,Northeast,2025-08
Smartwatch,Electronics,91.25,214.88,35,North,2025-08
Smartwatch,Electronics,91.28,227.94,33,South,2025-08
Smartwatch,Electronics,88.11,218.26,35,East,2025-08
Smartwatch,Electronics,92.96,208.53,30,West,2025-08
Smartwatch,Electronics,91.39,214.39,22,Central,2025-08
Smartwatch,Electronics,89.4,220.88,15,Northeast,2025-08
Speaker,Accessories,44.18,112.72,27,North,2025-08
Speaker,Accessories,45.86,109.4,36,South,2025-08
Speaker,Accessories,46.29,112.37,32,East,2025-08
Speaker,Accessories,46.13,116.31,39,West,2025-08
Speaker,Accessories,45.59,105.68,34,Central,2025-08
Speaker,Accessories,45.27,108.32,19,Northeast,2025-08
Camera,Electronics,308.21,616.9,19,North,2025-08
Camera,Electronics,308.12,650.71,25,South,2025-08
Camera,Electronics,304.67,619.24,9,East,2025-08
Camera,Electronics,308.53,665.05,13,West,2025-08
Camera,Electronics,293.78,680.15,19,Central,2025-08
Camera,Electronics,298.07,653.11,8,Northeast,2025-08
Microphone,Accessories,69.47,166.71,15,North,2025-08
Microphone,Accessories,69.28,151.37,20,South,2025-08
Microphone,Accessories,72.0,160.83,28,East,2025-08
Microphone,Accessories,71.57,152.1,25,West,2025-08
Microphone,Accessories,72.18,155.96,24,Central,2025-08
Microphone,Accessories,71.9,157.27,18,Northeast,2025-08
Scanner,Office,87.54,186.38,9,North,2025-08
Scanner,Office,88.26,179.16,23,South,2025-08
Scanner,Office,88.08,192.83,15,East,2025-08
Scanner,Office,93.31,190.44,24,West,2025-08
Scanner,Office,87.96,195.4,3,Central,2025-08
Scanner,Office,91.68,182.48,10,Northeast,2025-08
Laptop,Electronics,523.81,899.78,21,North,2025-09
Laptop,Electronics,521.52,852.04,29,South,2025-09
Laptop,Electronics,522.13,829.77,20,East,2025-09
Laptop,Electronics,525.67,900.75,21,West,2025-09
Laptop,Electronics,540.29,835.03,25,Central,2025-09
Laptop,Electronics,519.13,857.11,22,Northeast,2025-09
Phone,Electronics,266.23,492.88,36,North,2025-09
Phone,Electronics,253.28,454.06,48,South,2025-09
Phone,Electronics,261.28,465.13,26,East,2025-09
Phone,Electronics,267.53,497.7,27,West,2025-09
Phone,Electronics,258.81,499.98,38,Central,2025-09
Phone,Electronics,257.23,471.2,29,Northeast,2025-09
Tablet,Electronics,181.86,333.83,19,North,2025-09
Tablet,Electronics,177.17,317.35,34,South,2025-09
Tablet,Electronics,180.16,321.68,20,East,2025-09
Tablet,Electronics,180.35,317.39,39,West,2025-09
Tablet,Electronics,185.09,323.58,37,Central,2025-09
Tablet,Electronics,178.81,303.41,18,Northeast,2025-09
Headphones,Accessories,35.16,75.5,49,North,2025-09
Headphones,Accessories,36.07,73.94,44,South,2025-09
Headphones,Accessories,34.99,72.38,36,East,2025-09
Headphones,Accessories,34.97,76.54,48,West,2025-09
Headphones,Accessories,35.7,74.78,35,Central,2025-09
Headphones,Accessories,34.59,71.65,26,Northeast,2025-09
Monitor,Electronics,136.7,256.67,24,North,2025-09
Monitor,Electronics,144.2,268.66,19,South,2025-09
Monitor,Electronics,138.61,248.97,18,East,2025-09
Monitor,Electronics,140.66,255.18,32,West,2025-09
Monitor,Electronics,137.85,253.8,27,Central,2025-09
Monitor,Electronics,138.04,260.44,12,Northeast,2025-09
Keyboard,Accessories,25.6,55.07,27,North,2025-09
Keyboard,Accessories,25.28,55.72,36,South,2025-09
Keyboard,Accessories,24.84,54.01,41,East,2025-09
Keyboard,Accessories,25.24,55.18,48,West,2025-09
Keyboard,Accessories,24.84,55.66,42,Central,2025-09
Keyboard,Accessories,25.6,58.26,25,Northeast,2025-09
Mouse,Accessories,12.25,29.6,50,North,2025-09
Mouse,Accessories,12.02,31.4,53,South,2025-09
Mouse,Accessories,12.04,30.5,46,East,2025-09
Mouse,Accessories,11.89,28.98,76,West,2025-09
Mouse,Accessories,11.98,29.51,48,Central,2025-09
Mouse,Accessories,12.35,31.66,39,Northeast,2025-09
Printer,Office,111.29,204.17,22,North,2025-09
Printer,Office,108.24,216.21,18,South,2025-09
Printer,Office,112.34,218.72,17,East,2025-09
Printer,Office,109.7,217.89,27,West,2025-09
Printer,Office,107.61,210.08,19,Central,2025-09
Printer,Office,110.26,199.41,17,Northeast,2025-09
Chair,Furniture,83.02,170.37,16,North,2025-09
Chair,Furniture,84.29,187.99,21,South,2025-09
Chair,Furniture,83.01,190.44,15,East,2025-09
Chair,Furniture,82.73,175.85,12,West,2025-09
Chair,Furniture,86.62,184.16,13,Central,2025-09
Chair,Furniture,88.19,177.35,8,Northeast,2025-09
Desk,Furniture,154.14,314.7,17,North,2025-09
Desk,Furniture,151.58,307.68,13,South,2025-09
Desk,Furniture,148.53,314.5,8,East,2025-09
Desk,Furniture,154.53,309.34,11,West,2025-09
Desk,Furniture,152.52,302.42,13,Central,2025-09
Desk,Furniture,150.01,302.92,10,Northeast,2025-09
Webcam,Accessories,31.06,67.05,23,North,2025-09
Webcam,Accessories,29.12,72.14,31,South,2025-09
Webcam,Accessories,29.82,70.06,32,East,2025-09
Webcam,Accessories,29.1,66.01,41,West,2025-09
Webcam,Accessories,29.19,73.77,33,Central,2025-09
Webcam,Accessories,30.44,71.67,21,Northeast,2025-09
Router,Networking,45.91,96.26,34,North,2025-09
Router,Networking,45.76,96.11,41,South,2025-09
Router,Networking,44.17,98.08,24,East,2025-09
Router,Networking,45.86,98.91,43,West,2025-09
Router,Networking,45.57,102.08,31,Central,2025-09
Router,Networking,46.69,104.11,21,Northeast,2025-09
SSD,Components,55.22,137.77,38,North,2025-09
SSD,Components,53.53,125.9,42,South,2025-09
SSD,Components,56.37,127.27,36,East,2025-09
SSD,Components,55.16,126.66,40,West,2025-09
SSD,Components,53.84,123.6,35,Central,2025-09
SSD,Components,54.38,129.08,34,Northeast,2025-09
Keyboard Pro,Accessories,55.79,126.09,30,North,2025-09
Keyboard Pro,Accessories,55.09,120.5,29,South,2025-09
Keyboard Pro,Accessories,54.03,120.19,13,East,2025-09
Keyboard Pro,Accessories,54.77,116.42,41,West,2025-09
Keyboard Pro,Accessories,54.21,117.4,28,Central,2025-09
Keyboard Pro,Accessories,57.01,120.46,23,Northeast,2025-09
Projector,Office,248.65,504.79,16,North,2025-09
Projector,Office,243.18,483.0,17,South,2025-09
Projector,Office,251.44,470.2,12,East,2025-09
Projector,Office,243.35,472.33,19,West,2025-09
Projector,Office,252.86,519.87,21,Central,2025-09
Projector,Office,259.61,493.88,6,Northeast,2025-09
Smartwatch,Electronics,87.51,227.87,20,North,2025-09
Smartwatch,Electronics,89.71,213.55,45,South,2025-09
Smartwatch,Electronics,90.18,217.97,21,East,2025-09
Smartwatch,Electronics,91.19,225.67,38,West,2025-09
Smartwatch,Electronics,92.93,222.82,27,Central,2025-09
Smartwatch,Electronics,91.91,225.25,23,Northeast,2025-09
Speaker,Accessories,44.89,108.01,39,North,2025-09
Speaker,Accessories,46.13,114.4,39,South,2025-09
Speaker,Accessories,46.44,111.79,32,East,2025-09
Speaker,Accessories,44.78,116.59,44,West,2025-09
Speaker,Accessories,44.41,109.41,31,Central,2025-09
Speaker,Accessories,44.1,111.74,24,Northeast,2025-09
Camera,Electronics,308.95,645.18,15,North,2025-09
Camera,Electronics,308.74,688.39,19,South,2025-09
Camera,Electronics,307.08,621.0,11,East,2025-09
Camera,Electronics,306.83,624.88,17,West,2025-09
Camera,Electronics,306.13,619.52,15,Central,2025-09
Camera,Electronics,307.27,636.91,10,Northeast,2025-09
Microphone,Accessories,68.26,155.01,21,North,2025-09
Microphone,Accessories,70.43,167.41,18,South,2025-09
Microphone,Accessories,68.78,154.16,17,East,2025-09
Microphone,Accessories,72.5,154.02,23,West,2025-09
Microphone,Accessories,68.61,157.36,27,Central,2025-09
Microphone,Accessories,71.91,158.17,17,Northeast,2025-09
Scanner,Office,87.77,186.66,13,North,2025-09
Scanner,Office,92.11,199.3,9,South,2025-09
Scanner,Office,93.59,179.83,22,East,2025-09
Scanner,Office,89.04,183.57,20,West,2025-09
Scanner,Office,91.43,179.09,19,Central,2025-09
Scanner,Office,89.47,189.47,12,Northeast,2025-09
Laptop,Electronics,509.99,842.27,24,North,2025-10
Laptop,Electronics,530.7,818.17,33,South,2025-10
Laptop,Electronics,506.34,868.12,16,East,2025-10
Laptop,Electronics,524.03,820.16,38,West,2025-10
Laptop,Electronics,520.37,760.73,42,Central,2025-10
Laptop,Electronics,518.55,822.61,21,Northeast,2025-10
Phone,Electronics,266.66,479.86,35,North,2025-10
Phone,Electronics,253.77,455.31,50,South,2025-10
Phone,Electronics,252.98,438.15,30,East,2025-10
Phone,Electronics,258.09,494.4,52,West,2025-10
Phone,Electronics,263.39,429.8,46,Central,2025-10
Phone,Electronics,261.22,446.31,30,Northeast,2025-10
Tablet,Electronics,182.28,299.73,26,North,2025-10
Tablet,Electronics,182.27,306.04,39,South,2025-10
Tablet,Electronics,174.82,289.01,30,East,2025-10
Tablet,Electronics,182.56,309.27,36,West,2025-10
Tablet,Electronics,178.92,306.84,32,Central,2025-10
Tablet,Electronics,187.17,304.39,29,Northeast,2025-10
Headphones,Accessories,36.08,71.5,51,North,2025-10
Headphones,Accessories,36.08,71.83,58,South,2025-10
Headphones,Accessories,35.82,75.68,40,East,2025-10
Headphones,Accessories,34.9,73.45,45,West,2025-10
Headphones,Accessories,35.28,72.94,59,Central,2025-10
Headphones,Accessories,36.02,71.95,42,Northeast,2025-10
Monitor,Electronics,141.96,256.12,20,North,2025-10
Monitor,Electronics,140.37,230.53,35,South,2025-10
Monitor,Electronics,141.24,256.41,34,East,2025-10
Monitor,Electronics,139.06,253.81,30,West,2025-10
Monitor,Electronics,141.98,265.83,27,Central,2025-10
Monitor,Electronics,137.24,230.21,15,Northeast,2025-10
Keyboard,Accessories,24.92,49.19,42,North,2025-10
Keyboard,Accessories,25.19,49.79,59,South,2025-10
Keyboard,Accessories,25.84,54.83,37,East,2025-10
Keyboard,Accessories,24.83,51.68,46,West,2025-10
Keyboard,Accessories,25.76,50.53,48,Central,2025-10
Keyboard,Accessories,25.97,51.83,36,Northeast,2025-10
Mouse,Accessories,12.25,29.23,38,North,2025-10
Mouse,Accessories,12.38,27.13,68,South,2025-10
Mouse,Accessories,11.7,29.65,57,East,2025-10
Mouse,Accessories,12.45,28.97,72,West,2025-10
Mouse,Accessories,12.33,27.87,67,Central,2025-10
Mouse,Accessories,12.08,29.24,37,Northeast,2025-10
Printer,Office,106.89,195.69,26,North,2025-10
Printer,Office,109.92,200.3,25,South,2025-10
Printer,Office,107.49,197.08,21,East,2025-10
Printer,Office,113.39,186.38,25,West,2025-10
Printer,Office,110.13,195.68,34,Central,2025-10
Printer,Office,107.01,204.34,13,Northeast,2025-10
Chair,Furniture,87.04,167.11,29,North,2025-10
Chair,Furniture,83.77,179.2,23,South,2025-10
Chair,Furniture,82.69,183.85,12,East,2025-10
Chair,Furniture,87.68,165.16,25,West,2025-10
Chair,Furniture,87.41,168.32,23,Central,2025-10
Chair,Furniture,83.57,181.37,13,Northeast,2025-10
Desk,Furniture,151.1,289.5,16,North,2025-10
Desk,Furniture,146.59,285.18,17,South,2025-10
Desk,Furniture,147.01,278.48,12,East,2025-10
Desk,Furniture,152.75,282.46,18,West,2025-10
Desk,Furniture,150.91,280.32,21,Central,2025-10
Desk,Furniture,146.57,294.19,11,Northeast,2025-10
Webcam,Accessories,29.59,66.12,47,North,2025-10
Webcam,Accessories,29.55,67.39,42,South,2025-10
Webcam,Accessories,31.19,66.8,21,East,2025-10
Webcam,Accessories,31.18,65.04,42,West,2025-10
Webcam,Accessories,29.5,66.69,32,Central,2025-10
Webcam,Accessories,29.26,63.38,37,Northeast,2025-10
Router,Networking,44.98,94.82,40,North,2025-10
Router,Networking,44.24,96.03,41,South,2025-10
Router,Networking,45.28,98.03,35,East,2025-10
Router,Networking,44.35,90.36,44,West,2025-10
Router,Networking,46.14,98.1,38,Central,2025-10
Router,Networking,45.31,102.44,19,Northeast,2025-10
SSD,Components,56.36,127.62,51,North,2025-10
SSD,Components,54.49,124.31,44,South,2025-10
SSD,Components,53.46,115.53,44,East,2025-10
SSD,Components,54.35,131.83,57,West,2025-10
SSD,Components,55.29,133.67,30,Central,2025-10
SSD,Components,56.59,124.79,34,Northeast,2025-10
Keyboard Pro,Accessories,53.98,111.28,33,North,2025-10
Keyboard Pro,Accessories,54.42,119.11,39,South,2025-10
Keyboard Pro,Accessories,56.72,118.26,21,East,2025-10
Keyboard Pro,Accessories,56.46,116.56,33,West,2025-10
Keyboard Pro,Accessories,56.35,111.73,28,Central,2025-10
Keyboard Pro,Accessories,56.17,109.7,19,Northeast,2025-10
Projector,Office,254.56,455.8,18,North,2025-10
Projector,Office,257.55,505.98,18,South,2025-10
Projector,Office,253.94,500.49,9,East,2025-10
Projector,Office,242.5,492.99,15,West,2025-10
Projector,Office,258.58,502.97,15,Central,2025-10
Projector,Office,255.38,456.34,6,Northeast,2025-10
Smartwatch,Electronics,87.59,222.04,32,North,2025-10
Smartwatch,Electronics,87.33,222.7,27,South,2025-10
Smartwatch,Electronics,92.01,216.45,27,East,2025-10
Smartwatch,Electronics,89.82,197.42,42,West,2025-10
Smartwatch,Electronics,88.26,206.73,37,Central,2025-10
Smartwatch,Electronics,88.44,210.62,24,Northeast,2025-10
Speaker,Accessories,46.65,103.98,36,North,2025-10
Speaker,Accessories,44.67,111.22,43,South,2025-10
Speaker,Accessories,46.04,105.72,42,East,2025-10
Speaker,Accessories,45.33,99.61,50,West,2025-10
Speaker,Accessories,44.94,108.56,29,Central,2025-10
Speaker,Accessories,44.5,105.31,27,Northeast,2025-10
Camera,Electronics,295.11,650.81,16,North,2025-10
Camera,Electronics,305.26,659.2,27,South,2025-10
Camera,Electronics,299.44,609.3,14,East,2025-10
Camera,Electronics,303.67,586.51,28,West,2025-10
Camera,Electronics,300.88,594.39,20,Central,2025-10
Camera,Electronics,307.44,649.23,11,Northeast,2025-10
Microphone,Accessories,69.97,162.67,24,North,2025-10
Microphone,Accessories,72.4,162.05,19,South,2025-10
Microphone,Accessories,72.34,159.6,18,East,2025-10
Microphone,Accessories,68.52,154.0,33,West,2025-10
Microphone,Accessories,70.24,159.59,27,Central,2025-10
Microphone,Accessories,72.5,159.39,18,Northeast,2025-10
Scanner,Office,91.94,175.03,17,North,2025-10
Scanner,Office,87.91,191.58,22,South,2025-10
Scanner,Office,90.39,188.98,16,East,2025-10
Scanner,Office,89.92,176.1,31,West,2025-10
Scanner,Office,89.99,175.13,14,Central,2025-10
Scanner,Office,88.99,175.52,14,Northeast,2025-10
Laptop,Electronics,512.47,862.04,42,North,2025-11
Laptop,Electronics,511.65,832.02,34,South,2025-11
Laptop,Electronics,536.86,830.94,24,East,2025-11
Laptop,Electronics,515.6,786.07,34,West,2025-11
Laptop,Electronics,525.25,817.38,17,Central,2025-11
Laptop,Electronics,531.51,776.94,22,Northeast,2025-11
Phone,Electronics,262.67,462.76,58,North,2025-11
Phone,Electronics,264.79,470.34,56,South,2025-11
Phone,Electronics,265.28,464.05,44,East,2025-11
Phone,Electronics,256.5,463.61,47,West,2025-11
Phone,Electronics,256.4,451.75,52,Central,2025-11
Phone,Electronics,261.7,434.91,41,Northeast,2025-11
Tablet,Electronics,175.8,293.54,28,North,2025-11
Tablet,Electronics,180.09,324.15,41,South,2025-11
Tablet,Electronics,185.44,287.75,32,East,2025-11
Tablet,Electronics,185.72,305.49,38,West,2025-11
Tablet,Electronics,175.59,316.85,44,Central,2025-11
Tablet,Electronics,186.08,300.7,21,Northeast,2025-11
Headphones,Accessories,35.9,70.81,51,North,2025-11
Headphones,Accessories,35.95,70.56,68,South,2025-11
Headphones,Accessories,34.26,73.7,39,East,2025-11
Headphones,Accessories,35.3,71.23,65,West,2025-11
Headphones,Accessories,34.08,67.79,60,Central,2025-11
Headphones,Accessories,34.2,72.93,46,Northeast,2025-11
Monitor,Electronics,139.09,251.29,33,North,2025-11
Monitor,Electronics,142.21,254.22,26,South,2025-11
Monitor,Electronics,141.99,230.21,37,East,2025-11
Monitor,Electronics,144.94,253.5,39,West,2025-11
Monitor,Electronics,137.91,241.05,45,Central,2025-11
Monitor,Electronics,136.15,258.71,18,Northeast,2025-11
Keyboard,Accessories,25.73,53.45,43,North,2025-11
Keyboard,Accessories,24.36,50.14,63,South,2025-11
Keyboard,Accessories,24.53,56.22,45,East,2025-11
Keyboard,Accessories,24.34,52.05,52,West,2025-11
Keyboard,Accessories,24.75,51.81,53,Central,2025-11
Keyboard,Accessories,24.56,54.56,35,Northeast,2025-11
Mouse,Accessories,12.16,28.97,49,North,2025-11
Mouse,Accessories,11.67,30.54,49,South,2025-11
Mouse,Accessories,12.38,29.15,47,East,2025-11
Mouse,Accessories,11.86,29.89,75,West,2025-11
Mouse,Accessories,11.74,28.36,60,Central,2025-11
Mouse,Accessories,12.19,29.24,40,Northeast,2025-11
Printer,Office,113.37,203.8,33,North,2025-11
Printer,Office,113.57,194.05,29,South,2025-11
Printer,Office,107.62,206.6,24,East,2025-11
Printer,Office,112.79,197.08,30,West,2025-11
Printer,Office,114.05,210.74,19,Central,2025-11
Printer,Office,109.11,210.64,15,Northeast,2025-11
Chair,Furniture,88.01,177.72,21,North,2025-11
Chair,Furniture,85.76,169.72,35,South,2025-11
Chair,Furniture,83.03,171.35,22,East,2025-11
Chair,Furniture,85.73,165.02,30,West,2025-11
Chair,Furniture,84.09,183.3,19,Central,2025-11
Chair,Furniture,86.48,176.57,15,Northeast,2025-11
Desk,Furniture,150.49,299.63,15,North,2025-11
Desk,Furniture,149.58,285.8,16,South,2025-11
Desk,Furniture,148.66,296.72,13,East,2025-11
Desk,Furniture,147.07,310.73,23,West,2025-11
Desk,Furniture,153.18,297.06,20,Central,2025-11
Desk,Furniture,146.15,270.43,14,Northeast,2025-11
Webcam,Accessories,29.25,67.94,45,North,2025-11
Webcam,Accessories,29.55,65.6,38,South,2025-11
Webcam,Accessories,30.55,67.62,48,East,2025-11
Webcam,Accessories,30.1,67.03,51,West,2025-11
Webcam,Accessories,29.9,65.93,55,Central,2025-11
Webcam,Accessories,29.91,70.13,33,Northeast,2025-11
Router,Networking,45.47,95.35,41,North,2025-11
Router,Networking,45.08,98.35,39,South,2025-11
Router,Networking,45.06,93.37,34,East,2025-11
Router,Networking,45.56,100.15,37,West,2025-11
Router,Networking,45.14,90.26,39,Central,2025-11
Router,Networking,44.03,89.47,24,Northeast,2025-11
SSD,Components,55.74,131.18,34,North,2025-11
SSD,Components,55.75,134.01,37,South,2025-11
SSD,Components,54.83,126.88,37,East,2025-11
SSD,Components,54.89,118.18,64,West,2025-11
SSD,Components,57.05,132.16,43,Central,2025-11
SSD,Components,53.58,131.65,35,Northeast,2025-11
Keyboard Pro,Accessories,54.29,110.66,34,North,2025-11
Keyboard Pro,Accessories,55.04,121.93,34,South,2025-11
Keyboard Pro,Accessories,56.16,116.83,27,East,2025-11
Keyboard Pro,Accessories,54.7,122.67,41,West,2025-11
Keyboard Pro,Accessories,55.41,117.99,21,Central,2025-11
Keyboard Pro,Accessories,53.49,118.21,18,Northeast,2025-11
Projector,Office,255.54,488.35,22,North,2025-11
Projector,Office,249.77,485.7,13,South,2025-11
Projector,Office,257.13,443.68,17,East,2025-11
Projector,Office,249.24,463.0,18,West,2025-11
Projector,Office,244.68,489.87,20,Central,2025-11
Projector,Office,244.54,471.51,20,Northeast,2025-11
Smartwatch,Electronics,92.5,201.24,40,North,2025-11
Smartwatch,Electronics,89.84,206.36,33,South,2025-11
Smartwatch,Electronics,92.19,207.86,30,East,2025-11
Smartwatch,Electronics,89.91,225.93,38,West,2025-11
Smartwatch,Electronics,88.6,193.45,47,Central,2025-11
Smartwatch,Electronics,88.46,207.42,23,Northeast,2025-11
Speaker,Accessories,44.16,105.3,52,North,2025-11
Speaker,Accessories,45.23,98.49,52,South,2025-11
Speaker,Accessories,46.58,111.16,30,East,2025-11
Speaker,Accessories,44.23,105.28,43,West,2025-11
Speaker,Accessories,46.73,107.33,38,Central,2025-11
Speaker,Accessories,46.39,104.02,40,Northeast,2025-11
Camera,Electronics,291.0,629.86,20,North,2025-11
Camera,Electronics,299.23,614.39,31,South,2025-11
Camera,Electronics,298.37,663.5,17,East,2025-11
Camera,Electronics,310.66,635.94,26,West,2025-11
Camera,Electronics,305.02,627.39,23,Central,2025-11
Camera,Electronics,304.38,624.45,16,Northeast,2025-11
Microphone,Accessories,70.6,157.5,28,North,2025-11
Microphone,Accessories,68.44,155.29,33,South,2025-11
Microphone,Accessories,69.43,143.12,23,East,2025-11
Microphone,Accessories,72.21,159.39,25,West,2025-11
Microphone,Accessories,69.11,143.78,34,Central,2025-11
Microphone,Accessories,68.13,154.83,26,Northeast,2025-11
Scanner,Office,89.44,172.07,17,North,2025-11
Scanner,Office,89.99,184.54,27,South,2025-11
Scanner,Office,88.7,189.63,15,East,2025-11
Scanner,Office,93.58,172.73,27,West,2025-11
Scanner,Office,88.92,170.34,22,Central,2025-11
Scanner,Office,91.43,184.51,21,Northeast,2025-11
Laptop,Electronics,510.76,809.01,28,North,2025-12
Laptop,Electronics,504.88,832.54,44,South,2025-12
Laptop,Electronics,516.5,787.22,37,East,2025-12
Laptop,Electronics,532.73,762.81,49,West,2025-12
Laptop,Electronics,522.96,770.54,34,Central,2025-12
Laptop,Electronics,522.1,802.53,25,Northeast,2025-12
Phone,Electronics,252.95,487.13,37,North,2025-12
Phone,Electronics,255.06,424.53,71,South,2025-12
Phone,Electronics,268.39,480.21,48,East,2025-12
Phone,Electronics,256.08,479.3,47,West,2025-12
Phone,Electronics,252.63,429.16,55,Central,2025-12
Phone,Electronics,264.46,449.81,41,Northeast,2025-12
Tablet,Electronics,183.13,298.7,35,North,2025-12
Tablet,Electronics,177.87,325.25,42,South,2025-12
Tablet,Electronics,180.04,292.54,33,East,2025-12
Tablet,Electronics,184.6,316.53,57,West,2025-12
Tablet,Electronics,186.13,284.72,37,Central,2025-12
Tablet,Electronics,177.44,305.65,30,Northeast,2025-12
Headphones,Accessories,35.15,71.57,54,North,2025-12
Headphones,Accessories,35.92,67.39,71,South,2025-12
Headphones,Accessories,34.68,68.88,70,East,2025-12
Headphones,Accessories,34.89,69.95,82,West,2025-12
Headphones,Accessories,35.13,72.73,86,Central,2025-12
Headphones,Accessories,35.98,71.49,47,Northeast,2025-12
Monitor,Electronics,136.96,241.01,40,North,2025-12
Monitor,Electronics,139.76,251.72,34,South,2025-12
Monitor,Electronics,136.41,244.15,29,East,2025-12
Monitor,Electronics,137.8,246.24,43,West,2025-12
Monitor,Electronics,140.52,259.82,21,Central,2025-12
Monitor,Electronics,142.44,247.82,16,Northeast,2025-12
Keyboard,Accessories,24.68,53.11,57,North,2025-12
Keyboard,Accessories,25.03,48.79,70,South,2025-12
Keyboard,Accessories,25.91,54.59,43,East,2025-12
Keyboard,Accessories,24.94,50.18,83,West,2025-12
Keyboard,Accessories,25.99,50.65,52,Central,2025-12
Keyboard,Accessories,25.33,54.51,37,Northeast,2025-12
Mouse,Accessories,12.23,27.82,78,North,2025-12
Mouse,Accessories,11.75,28.54,81,South,2025-12
Mouse,Accessories,12.33,29.35,55,East,2025-12
Mouse,Accessories,11.81,29.69,90,West,2025-12
Mouse,Accessories,12.12,27.28,77,Central,2025-12
Mouse,Accessories,11.86,28.44,39,Northeast,2025-12
Printer,Office,111.3,193.34,34,North,2025-12
Printer,Office,111.11,199.39,32,South,2025-12
Printer,Office,113.64,208.21,18,East,2025-12
Printer,Office,114.28,195.48,32,West,2025-12
Printer,Office,112.76,192.02,41,Central,2025-12
Printer,Office,113.27,208.55,23,Northeast,2025-12
Chair,Furniture,84.69,166.86,28,North,2025-12
Chair,Furniture,84.75,167.37,36,South,2025-12
Chair,Furniture,86.5,168.43,23,East,2025-12
Chair,Furniture,87.55,176.14,26,West,2025-12
Chair,Furniture,86.25,169.82,26,Central,2025-12
Chair,Furniture,82.7,176.28,20,Northeast,2025-12
Desk,Furniture,150.4,280.12,19,North,2025-12
Desk,Furniture,151.99,284.74,14,South,2025-12
Desk,Furniture,152.38,273.19,19,East,2025-12
Desk,Furniture,151.95,302.26,27,West,2025-12
Desk,Furniture,155.93,268.01,26,Central,2025-12
Desk,Furniture,145.99,307.05,16,Northeast,2025-12
Webcam,Accessories,30.06,67.25,39,North,2025-12
Webcam,Accessories,30.68,69.0,46,South,2025-12
Webcam,Accessories,29.4,66.72,34,East,2025-12
Webcam,Accessories,29.58,64.99,68,West,2025-12
Webcam,Accessories,30.06,67.56,56,Central,2025-12
Webcam,Accessories,29.8,64.06,37,Northeast,2025-12
Router,Networking,45.4,92.27,58,North,2025-12
Router,Networking,45.47,98.03,61,South,2025-12
Router,Networking,46.57,100.75,31,East,2025-12
Router,Networking,45.19,99.57,48,West,2025-12
Router,Networking,44.12,89.15,46,Central,2025-12
Router,Networking,44.89,95.08,30,Northeast,2025-12
SSD,Components,54.19,124.52,45,North,2025-12
SSD,Components,54.29,118.57,59,South,2025-12
SSD,Components,56.33,122.18,34,East,2025-12
SSD,Components,54.13,128.65,60,West,2025-12
SSD,Components,54.32,120.65,60,Central,2025-12
SSD,Components,55.97,123.12,43,Northeast,2025-12
Keyboard Pro,Accessories,54.97,121.67,33,North,2025-12
Keyboard Pro,Accessories,55.32,122.12,37,South,2025-12
Keyboard Pro,Accessories,55.65,117.37,34,East,2025-12
Keyboard Pro,Accessories,56.66,118.66,43,West,2025-12
Keyboard Pro,Accessories,55.37,117.14,46,Central,2025-12
Keyboard Pro,Accessories,56.97,114.83,26,Northeast,2025-12
Projector,Office,251.59,474.11,16,North,2025-12
Projector,Office,254.09,492.68,19,South,2025-12
Projector,Office,249.42,484.74,18,East,2025-12
Projector,Office,250.1,497.57,28,West,2025-12
Projector,Office,259.75,482.39,23,Central,2025-12
Projector,Office,252.32,505.9,10,Northeast,2025-12
Smartwatch,Electronics,92.73,213.65,33,North,2025-12
Smartwatch,Electronics,87.6,206.58,43,South,2025-12
Smartwatch,Electronics,92.16,211.43,26,East,2025-12
Smartwatch,Electronics,87.53,207.2,45,West,2025-12
Smartwatch,Electronics,91.73,217.22,42,Central,2025-12
Smartwatch,Electronics,90.46,217.78,34,Northeast,2025-12
Speaker,Accessories,46.52,112.88,41,North,2025-12
Speaker,Accessories,44.73,101.59,62,South,2025-12
Speaker,Accessories,43.78,97.71,47,East,2025-12
Speaker,Accessories,46.19,110.58,54,West,2025-12
Speaker,Accessories,45.53,103.15,57,Central,2025-12
Speaker,Accessories,46.05,106.13,31,Northeast,2025-12
Camera,Electronics,298.6,614.05,18,North,2025-12
Camera,Electronics,301.67,647.42,31,South,2025-12
Camera,Electronics,300.25,646.63,14,East,2025-12
Camera,Electronics,293.84,645.29,35,West,2025-12
Camera,Electronics,309.82,633.65,24,Central,2025-12
Camera,Electronics,307.39,590.88,16,Northeast,2025-12
Microphone,Accessories,69.63,147.78,31,North,2025-12
Microphone,Accessories,71.31,166.71,30,South,2025-12
Microphone,Accessories,69.59,157.19,24,East,2025-12
Microphone,Accessories,71.07,152.32,37,West,2025-12
Microphone,Accessories,70.1,160.75,29,Central,2025-12
Microphone,Accessories,72.18,152.05,24,Northeast,2025-12
Scanner,Office,93.3,181.83,26,North,2025-12
Scanner,Office,91.5,186.47,25,South,2025-12
Scanner,Office,91.0,180.85,26,East,2025-12
Scanner,Office,92.1,183.94,27,West,2025-12
Scanner,Office,92.93,180.76,28,Central,2025-12
Scanner,Office,87.67,183.49,16,Northeast,2025-12
